[0.037s] Invoking command in '/home/ben/Documents/master_thesis/code/uwb_online_initialisation_simulator/src/build/sim_interfaces': CMAKE_PREFIX_PATH=${CMAKE_PREFIX_PATH}:/home/ben/Documents/master_thesis/code/uwb_online_initialisation_simulator/install/online_uwb_initialisation:/home/ben/Documents/master_thesis/code/uwb_online_initialisation_simulator/install/drone_uwb_simulator:/home/ben/Documents/master_thesis/code/uwb_online_initialisation_simulator/install/rl_optimisation:/home/ben/Documents/master_thesis/code/uwb_online_initialisation_simulator/install/matplotlib_visualisation:/opt/ros/humble /usr/bin/cmake /home/ben/Documents/master_thesis/code/uwb_online_initialisation_simulator/src/sim_interfaces -DCMAKE_INSTALL_PREFIX=/home/ben/Documents/master_thesis/code/uwb_online_initialisation_simulator/src/install/sim_interfaces
[0.297s] -- The C compiler identification is GNU 11.4.0
[0.297s] -- The CXX compiler identification is GNU 11.4.0
[0.297s] -- Detecting C compiler ABI info
[0.297s] -- Detecting C compiler ABI info - done
[0.297s] -- Check for working C compiler: /usr/bin/cc - skipped
[0.297s] -- Detecting C compile features
[0.297s] -- Detecting C compile features - done
[0.297s] -- Detecting CXX compiler ABI info
[0.297s] -- Detecting CXX compiler ABI info - done
[0.297s] -- Check for working CXX compiler: /usr/bin/c++ - skipped
[0.298s] -- Detecting CXX compile features
[0.298s] -- Detecting CXX compile features - done
[0.298s] -- Found ament_cmake: 1.3.10 (/opt/ros/humble/share/ament_cmake/cmake)
[0.621s] -- Found Python3: /usr/bin/python3 (found version "3.10.12") found components: Interpreter 
[0.708s] -- Found std_msgs: 4.2.4 (/opt/ros/humble/share/std_msgs/cmake)
[0.745s] -- Found rosidl_generator_c: 3.1.5 (/opt/ros/humble/share/rosidl_generator_c/cmake)
[0.751s] -- Found rosidl_adapter: 3.1.5 (/opt/ros/humble/share/rosidl_adapter/cmake)
[0.759s] -- Found rosidl_generator_cpp: 3.1.5 (/opt/ros/humble/share/rosidl_generator_cpp/cmake)
[0.770s] -- Using all available rosidl_typesupport_c: rosidl_typesupport_fastrtps_c;rosidl_typesupport_introspection_c
[0.786s] -- Using all available rosidl_typesupport_cpp: rosidl_typesupport_fastrtps_cpp;rosidl_typesupport_introspection_cpp
[0.811s] -- Found rosidl_default_generators: 1.2.0 (/opt/ros/humble/share/rosidl_default_generators/cmake)
[1.121s] -- Found ament_cmake_ros: 0.10.0 (/opt/ros/humble/share/ament_cmake_ros/cmake)
[1.460s] -- Using all available rosidl_typesupport_c: rosidl_typesupport_fastrtps_c;rosidl_typesupport_introspection_c
[1.590s] -- Using all available rosidl_typesupport_cpp: rosidl_typesupport_fastrtps_cpp;rosidl_typesupport_introspection_cpp
[1.615s] -- Found PythonInterp: /usr/bin/python3 (found suitable version "3.10.12", minimum required is "3.6") 
[1.617s] -- Found python_cmake_module: 0.10.0 (/opt/ros/humble/share/python_cmake_module/cmake)
[1.643s] -- Found PythonLibs: /usr/lib/x86_64-linux-gnu/libpython3.10.so (found suitable version "3.10.12", minimum required is "3.5") 
[1.643s] -- Using PYTHON_EXECUTABLE: /usr/bin/python3
[1.643s] -- Using PYTHON_INCLUDE_DIRS: /usr/include/python3.10
[1.643s] -- Using PYTHON_LIBRARIES: /usr/lib/x86_64-linux-gnu/libpython3.10.so
[1.664s] -- Found PythonExtra: .so  
[1.715s] -- Configuring done
[1.775s] -- Generating done
[1.779s] -- Build files have been written to: /home/ben/Documents/master_thesis/code/uwb_online_initialisation_simulator/src/build/sim_interfaces
[1.788s] Invoked command in '/home/ben/Documents/master_thesis/code/uwb_online_initialisation_simulator/src/build/sim_interfaces' returned '0': CMAKE_PREFIX_PATH=${CMAKE_PREFIX_PATH}:/home/ben/Documents/master_thesis/code/uwb_online_initialisation_simulator/install/online_uwb_initialisation:/home/ben/Documents/master_thesis/code/uwb_online_initialisation_simulator/install/drone_uwb_simulator:/home/ben/Documents/master_thesis/code/uwb_online_initialisation_simulator/install/rl_optimisation:/home/ben/Documents/master_thesis/code/uwb_online_initialisation_simulator/install/matplotlib_visualisation:/opt/ros/humble /usr/bin/cmake /home/ben/Documents/master_thesis/code/uwb_online_initialisation_simulator/src/sim_interfaces -DCMAKE_INSTALL_PREFIX=/home/ben/Documents/master_thesis/code/uwb_online_initialisation_simulator/src/install/sim_interfaces
[1.790s] Invoking command in '/home/ben/Documents/master_thesis/code/uwb_online_initialisation_simulator/src/build/sim_interfaces': CMAKE_PREFIX_PATH=${CMAKE_PREFIX_PATH}:/home/ben/Documents/master_thesis/code/uwb_online_initialisation_simulator/install/online_uwb_initialisation:/home/ben/Documents/master_thesis/code/uwb_online_initialisation_simulator/install/drone_uwb_simulator:/home/ben/Documents/master_thesis/code/uwb_online_initialisation_simulator/install/rl_optimisation:/home/ben/Documents/master_thesis/code/uwb_online_initialisation_simulator/install/matplotlib_visualisation:/opt/ros/humble /usr/bin/cmake --build /home/ben/Documents/master_thesis/code/uwb_online_initialisation_simulator/src/build/sim_interfaces -- -j16 -l16
[1.834s] [  1%] [34m[1mGenerating C code for ROS interfaces[0m
[1.845s] [  1%] [34m[1mGenerating C++ code for ROS interfaces[0m
[1.855s] [  1%] Built target ament_cmake_python_copy_sim_interfaces
[2.135s] running egg_info
[2.136s] creating sim_interfaces.egg-info
[2.154s] writing sim_interfaces.egg-info/PKG-INFO
[2.154s] writing dependency_links to sim_interfaces.egg-info/dependency_links.txt
[2.154s] writing top-level names to sim_interfaces.egg-info/top_level.txt
[2.155s] writing manifest file 'sim_interfaces.egg-info/SOURCES.txt'
[2.665s] [  1%] Built target sim_interfaces__cpp
[2.674s] [  2%] [34m[1mGenerating C++ type support dispatch for ROS interfaces[0m
[2.677s] [  3%] [34m[1mGenerating C++ introspection for ROS interfaces[0m
[2.679s] [  3%] [34m[1mGenerating C++ type support for eProsima Fast-RTPS[0m
[2.740s] [  6%] [32mBuilding C object CMakeFiles/sim_interfaces__rosidl_generator_c.dir/rosidl_generator_c/sim_interfaces/msg/detail/anchor_estimates__functions.c.o[0m
[2.740s] [  6%] [32mBuilding C object CMakeFiles/sim_interfaces__rosidl_generator_c.dir/rosidl_generator_c/sim_interfaces/srv/detail/trajectory_info__functions.c.o[0m
[2.741s] [  6%] [32mBuilding C object CMakeFiles/sim_interfaces__rosidl_generator_c.dir/rosidl_generator_c/sim_interfaces/msg/detail/drone_position__functions.c.o[0m
[2.741s] [  7%] [32mBuilding C object CMakeFiles/sim_interfaces__rosidl_generator_c.dir/rosidl_generator_c/sim_interfaces/msg/detail/anchor_estimate__functions.c.o[0m
[2.741s] [  8%] [32mBuilding C object CMakeFiles/sim_interfaces__rosidl_generator_c.dir/rosidl_generator_c/sim_interfaces/msg/detail/anchor_error__functions.c.o[0m
[2.741s] [  9%] [32mBuilding C object CMakeFiles/sim_interfaces__rosidl_generator_c.dir/rosidl_generator_c/sim_interfaces/msg/detail/waypoint_list__functions.c.o[0m
[2.742s] [  6%] [32mBuilding C object CMakeFiles/sim_interfaces__rosidl_generator_c.dir/rosidl_generator_c/sim_interfaces/msg/detail/stamped_float__functions.c.o[0m
[2.742s] [  9%] [32mBuilding C object CMakeFiles/sim_interfaces__rosidl_generator_c.dir/rosidl_generator_c/sim_interfaces/msg/detail/waypoint_lists__functions.c.o[0m
[2.742s] [ 10%] [32mBuilding C object CMakeFiles/sim_interfaces__rosidl_generator_c.dir/rosidl_generator_c/sim_interfaces/srv/detail/anchor_info__functions.c.o[0m
[2.742s] [ 11%] [32mBuilding C object CMakeFiles/sim_interfaces__rosidl_generator_c.dir/rosidl_generator_c/sim_interfaces/msg/detail/anchor_errors__functions.c.o[0m
[2.744s] [ 12%] [32mBuilding C object CMakeFiles/sim_interfaces__rosidl_generator_c.dir/rosidl_generator_c/sim_interfaces/msg/detail/optimized_trajectory__functions.c.o[0m
[2.749s] [ 13%] [32mBuilding C object CMakeFiles/sim_interfaces__rosidl_generator_c.dir/rosidl_generator_c/sim_interfaces/msg/detail/anchor_info__functions.c.o[0m
[2.835s] [ 14%] [32m[1mLinking C shared library libsim_interfaces__rosidl_generator_c.so[0m
[2.880s] [ 14%] Built target sim_interfaces__rosidl_generator_c
[2.893s] [ 16%] [34m[1mGenerating C introspection for ROS interfaces[0m
[2.893s] [ 16%] [34m[1mGenerating C type support for eProsima Fast-RTPS[0m
[2.893s] [ 17%] [34m[1mGenerating C type support dispatch for ROS interfaces[0m
[3.009s] reading manifest file 'sim_interfaces.egg-info/SOURCES.txt'
[3.010s] writing manifest file 'sim_interfaces.egg-info/SOURCES.txt'
[3.058s] [ 17%] Built target ament_cmake_python_build_sim_interfaces_egg
[3.375s] [ 19%] [32mBuilding CXX object CMakeFiles/sim_interfaces__rosidl_typesupport_cpp.dir/rosidl_typesupport_cpp/sim_interfaces/msg/anchor_estimates__type_support.cpp.o[0m
[3.375s] [ 19%] [32mBuilding CXX object CMakeFiles/sim_interfaces__rosidl_typesupport_cpp.dir/rosidl_typesupport_cpp/sim_interfaces/msg/drone_position__type_support.cpp.o[0m
[3.375s] [ 20%] [32mBuilding CXX object CMakeFiles/sim_interfaces__rosidl_typesupport_cpp.dir/rosidl_typesupport_cpp/sim_interfaces/srv/trajectory_info__type_support.cpp.o[0m
[3.377s] [ 20%] [32mBuilding CXX object CMakeFiles/sim_interfaces__rosidl_typesupport_cpp.dir/rosidl_typesupport_cpp/sim_interfaces/msg/anchor_estimate__type_support.cpp.o[0m
[3.381s] [ 21%] [32mBuilding CXX object CMakeFiles/sim_interfaces__rosidl_typesupport_cpp.dir/rosidl_typesupport_cpp/sim_interfaces/srv/anchor_info__type_support.cpp.o[0m
[3.383s] [ 23%] [32mBuilding CXX object CMakeFiles/sim_interfaces__rosidl_typesupport_cpp.dir/rosidl_typesupport_cpp/sim_interfaces/msg/anchor_errors__type_support.cpp.o[0m
[3.384s] [ 23%] [32mBuilding CXX object CMakeFiles/sim_interfaces__rosidl_typesupport_cpp.dir/rosidl_typesupport_cpp/sim_interfaces/msg/anchor_error__type_support.cpp.o[0m
[3.384s] [ 24%] [32mBuilding CXX object CMakeFiles/sim_interfaces__rosidl_typesupport_cpp.dir/rosidl_typesupport_cpp/sim_interfaces/msg/stamped_float__type_support.cpp.o[0m
[3.390s] [ 24%] [32mBuilding CXX object CMakeFiles/sim_interfaces__rosidl_typesupport_cpp.dir/rosidl_typesupport_cpp/sim_interfaces/msg/optimized_trajectory__type_support.cpp.o[0m
[3.390s] [ 25%] [32mBuilding CXX object CMakeFiles/sim_interfaces__rosidl_typesupport_cpp.dir/rosidl_typesupport_cpp/sim_interfaces/msg/waypoint_lists__type_support.cpp.o[0m
[3.404s] [ 26%] [32mBuilding CXX object CMakeFiles/sim_interfaces__rosidl_typesupport_cpp.dir/rosidl_typesupport_cpp/sim_interfaces/msg/waypoint_list__type_support.cpp.o[0m
[3.803s] [ 27%] [32mBuilding CXX object CMakeFiles/sim_interfaces__rosidl_typesupport_cpp.dir/rosidl_typesupport_cpp/sim_interfaces/msg/anchor_info__type_support.cpp.o[0m
[3.854s] [ 28%] [32mBuilding CXX object CMakeFiles/sim_interfaces__rosidl_typesupport_c.dir/rosidl_typesupport_c/sim_interfaces/srv/anchor_info__type_support.cpp.o[0m
[3.854s] [ 28%] [32mBuilding CXX object CMakeFiles/sim_interfaces__rosidl_typesupport_c.dir/rosidl_typesupport_c/sim_interfaces/srv/trajectory_info__type_support.cpp.o[0m
[3.864s] [ 29%] [32mBuilding CXX object CMakeFiles/sim_interfaces__rosidl_typesupport_c.dir/rosidl_typesupport_c/sim_interfaces/msg/stamped_float__type_support.cpp.o[0m
[3.879s] [ 30%] [32mBuilding CXX object CMakeFiles/sim_interfaces__rosidl_typesupport_c.dir/rosidl_typesupport_c/sim_interfaces/msg/drone_position__type_support.cpp.o[0m
[3.889s] [ 31%] [32mBuilding CXX object CMakeFiles/sim_interfaces__rosidl_typesupport_c.dir/rosidl_typesupport_c/sim_interfaces/msg/anchor_estimate__type_support.cpp.o[0m
[3.892s] [ 32%] [32mBuilding CXX object CMakeFiles/sim_interfaces__rosidl_typesupport_c.dir/rosidl_typesupport_c/sim_interfaces/msg/anchor_estimates__type_support.cpp.o[0m
[3.908s] [ 33%] [32mBuilding CXX object CMakeFiles/sim_interfaces__rosidl_typesupport_c.dir/rosidl_typesupport_c/sim_interfaces/msg/anchor_error__type_support.cpp.o[0m
[3.915s] [ 34%] [32mBuilding CXX object CMakeFiles/sim_interfaces__rosidl_typesupport_c.dir/rosidl_typesupport_c/sim_interfaces/msg/waypoint_list__type_support.cpp.o[0m
[3.920s] [ 34%] [32mBuilding CXX object CMakeFiles/sim_interfaces__rosidl_typesupport_c.dir/rosidl_typesupport_c/sim_interfaces/msg/anchor_errors__type_support.cpp.o[0m
[3.928s] [ 35%] [32mBuilding CXX object CMakeFiles/sim_interfaces__rosidl_typesupport_c.dir/rosidl_typesupport_c/sim_interfaces/msg/waypoint_lists__type_support.cpp.o[0m
[3.957s] [ 36%] [32mBuilding CXX object CMakeFiles/sim_interfaces__rosidl_typesupport_c.dir/rosidl_typesupport_c/sim_interfaces/msg/anchor_info__type_support.cpp.o[0m
[3.958s] [ 37%] [32mBuilding CXX object CMakeFiles/sim_interfaces__rosidl_typesupport_introspection_cpp.dir/rosidl_typesupport_introspection_cpp/sim_interfaces/srv/detail/trajectory_info__type_support.cpp.o[0m
[3.958s] [ 37%] [32mBuilding CXX object CMakeFiles/sim_interfaces__rosidl_typesupport_introspection_cpp.dir/rosidl_typesupport_introspection_cpp/sim_interfaces/srv/detail/anchor_info__type_support.cpp.o[0m
[3.961s] [ 39%] [32mBuilding CXX object CMakeFiles/sim_interfaces__rosidl_typesupport_c.dir/rosidl_typesupport_c/sim_interfaces/msg/optimized_trajectory__type_support.cpp.o[0m
[3.962s] [ 39%] [32mBuilding CXX object CMakeFiles/sim_interfaces__rosidl_typesupport_introspection_cpp.dir/rosidl_typesupport_introspection_cpp/sim_interfaces/msg/detail/drone_position__type_support.cpp.o[0m
[3.964s] [ 40%] [32mBuilding CXX object CMakeFiles/sim_interfaces__rosidl_typesupport_introspection_cpp.dir/rosidl_typesupport_introspection_cpp/sim_interfaces/msg/detail/anchor_estimate__type_support.cpp.o[0m
[3.966s] [ 41%] [32mBuilding CXX object CMakeFiles/sim_interfaces__rosidl_typesupport_introspection_cpp.dir/rosidl_typesupport_introspection_cpp/sim_interfaces/msg/detail/stamped_float__type_support.cpp.o[0m
[3.979s] [ 42%] [32mBuilding CXX object CMakeFiles/sim_interfaces__rosidl_typesupport_introspection_cpp.dir/rosidl_typesupport_introspection_cpp/sim_interfaces/msg/detail/anchor_estimates__type_support.cpp.o[0m
[3.985s] [ 42%] [32mBuilding CXX object CMakeFiles/sim_interfaces__rosidl_typesupport_introspection_cpp.dir/rosidl_typesupport_introspection_cpp/sim_interfaces/msg/detail/anchor_error__type_support.cpp.o[0m
[3.991s] [ 43%] [32mBuilding CXX object CMakeFiles/sim_interfaces__rosidl_typesupport_introspection_cpp.dir/rosidl_typesupport_introspection_cpp/sim_interfaces/msg/detail/anchor_errors__type_support.cpp.o[0m
[3.994s] [ 44%] [32mBuilding CXX object CMakeFiles/sim_interfaces__rosidl_typesupport_introspection_cpp.dir/rosidl_typesupport_introspection_cpp/sim_interfaces/msg/detail/waypoint_list__type_support.cpp.o[0m
[4.006s] [ 45%] [32mBuilding CXX object CMakeFiles/sim_interfaces__rosidl_typesupport_fastrtps_cpp.dir/rosidl_typesupport_fastrtps_cpp/sim_interfaces/srv/detail/dds_fastrtps/anchor_info__type_support.cpp.o[0m
[4.008s] [ 46%] [32mBuilding CXX object CMakeFiles/sim_interfaces__rosidl_typesupport_fastrtps_cpp.dir/rosidl_typesupport_fastrtps_cpp/sim_interfaces/srv/detail/dds_fastrtps/trajectory_info__type_support.cpp.o[0m
[4.009s] [ 47%] [32mBuilding CXX object CMakeFiles/sim_interfaces__rosidl_typesupport_introspection_cpp.dir/rosidl_typesupport_introspection_cpp/sim_interfaces/msg/detail/waypoint_lists__type_support.cpp.o[0m
[4.020s] [ 48%] [32m[1mLinking CXX shared library libsim_interfaces__rosidl_typesupport_c.so[0m
[4.149s] [ 48%] Built target sim_interfaces__rosidl_typesupport_c
[4.189s] [ 49%] [32mBuilding CXX object CMakeFiles/sim_interfaces__rosidl_typesupport_introspection_cpp.dir/rosidl_typesupport_introspection_cpp/sim_interfaces/msg/detail/optimized_trajectory__type_support.cpp.o[0m
[4.213s] [ 50%] [32m[1mLinking CXX shared library libsim_interfaces__rosidl_typesupport_cpp.so[0m
[4.358s] [ 50%] Built target sim_interfaces__rosidl_typesupport_cpp
[4.418s] [ 51%] [32mBuilding CXX object CMakeFiles/sim_interfaces__rosidl_typesupport_introspection_cpp.dir/rosidl_typesupport_introspection_cpp/sim_interfaces/msg/detail/anchor_info__type_support.cpp.o[0m
[4.446s] [ 52%] [32mBuilding C object CMakeFiles/sim_interfaces__rosidl_typesupport_introspection_c.dir/rosidl_typesupport_introspection_c/sim_interfaces/srv/detail/anchor_info__type_support.c.o[0m
[4.556s] [ 53%] [32mBuilding CXX object CMakeFiles/sim_interfaces__rosidl_typesupport_fastrtps_cpp.dir/rosidl_typesupport_fastrtps_cpp/sim_interfaces/msg/detail/dds_fastrtps/stamped_float__type_support.cpp.o[0m
[4.595s] [ 54%] [32mBuilding CXX object CMakeFiles/sim_interfaces__rosidl_typesupport_fastrtps_cpp.dir/rosidl_typesupport_fastrtps_cpp/sim_interfaces/msg/detail/dds_fastrtps/drone_position__type_support.cpp.o[0m
[4.609s] [ 55%] [32mBuilding C object CMakeFiles/sim_interfaces__rosidl_typesupport_introspection_c.dir/rosidl_typesupport_introspection_c/sim_interfaces/srv/detail/trajectory_info__type_support.c.o[0m
[4.634s] [ 56%] [32mBuilding C object CMakeFiles/sim_interfaces__rosidl_typesupport_introspection_c.dir/rosidl_typesupport_introspection_c/sim_interfaces/msg/detail/stamped_float__type_support.c.o[0m
[4.635s] [ 56%] [32mBuilding CXX object CMakeFiles/sim_interfaces__rosidl_typesupport_fastrtps_cpp.dir/rosidl_typesupport_fastrtps_cpp/sim_interfaces/msg/detail/dds_fastrtps/anchor_estimates__type_support.cpp.o[0m
[4.640s] [ 57%] [32mBuilding CXX object CMakeFiles/sim_interfaces__rosidl_typesupport_fastrtps_cpp.dir/rosidl_typesupport_fastrtps_cpp/sim_interfaces/msg/detail/dds_fastrtps/anchor_estimate__type_support.cpp.o[0m
[4.642s] [ 57%] [32mBuilding C object CMakeFiles/sim_interfaces__rosidl_typesupport_introspection_c.dir/rosidl_typesupport_introspection_c/sim_interfaces/msg/detail/drone_position__type_support.c.o[0m
[4.655s] [ 58%] [32mBuilding C object CMakeFiles/sim_interfaces__rosidl_typesupport_introspection_c.dir/rosidl_typesupport_introspection_c/sim_interfaces/msg/detail/anchor_estimate__type_support.c.o[0m
[4.694s] [ 59%] [32mBuilding CXX object CMakeFiles/sim_interfaces__rosidl_typesupport_fastrtps_cpp.dir/rosidl_typesupport_fastrtps_cpp/sim_interfaces/msg/detail/dds_fastrtps/anchor_error__type_support.cpp.o[0m
[4.700s] [ 60%] [32mBuilding CXX object CMakeFiles/sim_interfaces__rosidl_typesupport_fastrtps_c.dir/rosidl_typesupport_fastrtps_c/sim_interfaces/srv/detail/anchor_info__type_support_c.cpp.o[0m
[4.712s] [ 61%] [32mBuilding CXX object CMakeFiles/sim_interfaces__rosidl_typesupport_fastrtps_cpp.dir/rosidl_typesupport_fastrtps_cpp/sim_interfaces/msg/detail/dds_fastrtps/anchor_errors__type_support.cpp.o[0m
[4.713s] [ 62%] [32mBuilding C object CMakeFiles/sim_interfaces__rosidl_typesupport_introspection_c.dir/rosidl_typesupport_introspection_c/sim_interfaces/msg/detail/anchor_estimates__type_support.c.o[0m
[4.750s] [ 63%] [32mBuilding CXX object CMakeFiles/sim_interfaces__rosidl_typesupport_fastrtps_cpp.dir/rosidl_typesupport_fastrtps_cpp/sim_interfaces/msg/detail/dds_fastrtps/waypoint_list__type_support.cpp.o[0m
[4.759s] [ 64%] [32mBuilding CXX object CMakeFiles/sim_interfaces__rosidl_typesupport_fastrtps_c.dir/rosidl_typesupport_fastrtps_c/sim_interfaces/srv/detail/trajectory_info__type_support_c.cpp.o[0m
[4.774s] [ 65%] [32mBuilding CXX object CMakeFiles/sim_interfaces__rosidl_typesupport_fastrtps_cpp.dir/rosidl_typesupport_fastrtps_cpp/sim_interfaces/msg/detail/dds_fastrtps/waypoint_lists__type_support.cpp.o[0m
[4.797s] [ 65%] [32mBuilding CXX object CMakeFiles/sim_interfaces__rosidl_typesupport_fastrtps_c.dir/rosidl_typesupport_fastrtps_c/sim_interfaces/msg/detail/stamped_float__type_support_c.cpp.o[0m
[4.804s] [ 66%] [32mBuilding C object CMakeFiles/sim_interfaces__rosidl_typesupport_introspection_c.dir/rosidl_typesupport_introspection_c/sim_interfaces/msg/detail/anchor_error__type_support.c.o[0m
[4.844s] [ 67%] [32mBuilding CXX object CMakeFiles/sim_interfaces__rosidl_typesupport_fastrtps_cpp.dir/rosidl_typesupport_fastrtps_cpp/sim_interfaces/msg/detail/dds_fastrtps/optimized_trajectory__type_support.cpp.o[0m
[4.847s] [ 68%] [32mBuilding C object CMakeFiles/sim_interfaces__rosidl_typesupport_introspection_c.dir/rosidl_typesupport_introspection_c/sim_interfaces/msg/detail/anchor_errors__type_support.c.o[0m
[4.873s] [ 68%] [32mBuilding CXX object CMakeFiles/sim_interfaces__rosidl_typesupport_fastrtps_cpp.dir/rosidl_typesupport_fastrtps_cpp/sim_interfaces/msg/detail/dds_fastrtps/anchor_info__type_support.cpp.o[0m
[4.893s] [ 69%] [32mBuilding C object CMakeFiles/sim_interfaces__rosidl_typesupport_introspection_c.dir/rosidl_typesupport_introspection_c/sim_interfaces/msg/detail/waypoint_list__type_support.c.o[0m
[4.931s] [ 70%] [32mBuilding C object CMakeFiles/sim_interfaces__rosidl_typesupport_introspection_c.dir/rosidl_typesupport_introspection_c/sim_interfaces/msg/detail/waypoint_lists__type_support.c.o[0m
[4.965s] [ 71%] [32mBuilding CXX object CMakeFiles/sim_interfaces__rosidl_typesupport_fastrtps_c.dir/rosidl_typesupport_fastrtps_c/sim_interfaces/msg/detail/drone_position__type_support_c.cpp.o[0m
[5.039s] [ 71%] [32mBuilding C object CMakeFiles/sim_interfaces__rosidl_typesupport_introspection_c.dir/rosidl_typesupport_introspection_c/sim_interfaces/msg/detail/optimized_trajectory__type_support.c.o[0m
[5.181s] [ 72%] [32mBuilding C object CMakeFiles/sim_interfaces__rosidl_typesupport_introspection_c.dir/rosidl_typesupport_introspection_c/sim_interfaces/msg/detail/anchor_info__type_support.c.o[0m
[5.314s] [ 73%] [32mBuilding CXX object CMakeFiles/sim_interfaces__rosidl_typesupport_fastrtps_c.dir/rosidl_typesupport_fastrtps_c/sim_interfaces/msg/detail/anchor_estimate__type_support_c.cpp.o[0m
[5.341s] [ 74%] [32m[1mLinking C shared library libsim_interfaces__rosidl_typesupport_introspection_c.so[0m
[5.346s] [ 75%] [32m[1mLinking CXX shared library libsim_interfaces__rosidl_typesupport_introspection_cpp.so[0m
[5.359s] [ 76%] [32mBuilding CXX object CMakeFiles/sim_interfaces__rosidl_typesupport_fastrtps_c.dir/rosidl_typesupport_fastrtps_c/sim_interfaces/msg/detail/anchor_estimates__type_support_c.cpp.o[0m
[5.359s] [ 78%] [32mBuilding CXX object CMakeFiles/sim_interfaces__rosidl_typesupport_fastrtps_c.dir/rosidl_typesupport_fastrtps_c/sim_interfaces/msg/detail/anchor_errors__type_support_c.cpp.o[0m
[5.361s] [ 78%] [32mBuilding CXX object CMakeFiles/sim_interfaces__rosidl_typesupport_fastrtps_c.dir/rosidl_typesupport_fastrtps_c/sim_interfaces/msg/detail/anchor_error__type_support_c.cpp.o[0m
[5.368s] [ 78%] [32mBuilding CXX object CMakeFiles/sim_interfaces__rosidl_typesupport_fastrtps_c.dir/rosidl_typesupport_fastrtps_c/sim_interfaces/msg/detail/waypoint_list__type_support_c.cpp.o[0m
[5.373s] [ 79%] [32mBuilding CXX object CMakeFiles/sim_interfaces__rosidl_typesupport_fastrtps_c.dir/rosidl_typesupport_fastrtps_c/sim_interfaces/msg/detail/waypoint_lists__type_support_c.cpp.o[0m
[5.407s] [ 80%] [32mBuilding CXX object CMakeFiles/sim_interfaces__rosidl_typesupport_fastrtps_c.dir/rosidl_typesupport_fastrtps_c/sim_interfaces/msg/detail/optimized_trajectory__type_support_c.cpp.o[0m
[5.424s] [ 80%] Built target sim_interfaces__rosidl_typesupport_introspection_c
[5.455s] [ 81%] [32mBuilding CXX object CMakeFiles/sim_interfaces__rosidl_typesupport_fastrtps_c.dir/rosidl_typesupport_fastrtps_c/sim_interfaces/msg/detail/anchor_info__type_support_c.cpp.o[0m
[5.575s] [ 81%] Built target sim_interfaces__rosidl_typesupport_introspection_cpp
[5.769s] [ 82%] [32m[1mLinking CXX shared library libsim_interfaces__rosidl_typesupport_fastrtps_cpp.so[0m
[5.882s] [ 83%] [32m[1mLinking CXX shared library libsim_interfaces__rosidl_typesupport_fastrtps_c.so[0m
[5.884s] [ 83%] Built target sim_interfaces__rosidl_typesupport_fastrtps_cpp
[5.975s] [ 83%] Built target sim_interfaces__rosidl_typesupport_fastrtps_c
[6.000s] [ 83%] Built target sim_interfaces
[6.025s] [ 84%] [34m[1mGenerating Python code for ROS interfaces[0m
[7.428s] [ 84%] Built target sim_interfaces__py
[7.453s] [ 87%] [32mBuilding C object CMakeFiles/sim_interfaces__rosidl_generator_py.dir/rosidl_generator_py/sim_interfaces/srv/_trajectory_info_s.c.o[0m
[7.453s] [ 87%] [32mBuilding C object CMakeFiles/sim_interfaces__rosidl_generator_py.dir/rosidl_generator_py/sim_interfaces/msg/_drone_position_s.c.o[0m
[7.453s] [ 87%] [32mBuilding C object CMakeFiles/sim_interfaces__rosidl_generator_py.dir/rosidl_generator_py/sim_interfaces/msg/_anchor_estimate_s.c.o[0m
[7.453s] [ 87%] [32mBuilding C object CMakeFiles/sim_interfaces__rosidl_generator_py.dir/rosidl_generator_py/sim_interfaces/msg/_stamped_float_s.c.o[0m
[7.455s] [ 89%] [32mBuilding C object CMakeFiles/sim_interfaces__rosidl_generator_py.dir/rosidl_generator_py/sim_interfaces/msg/_anchor_estimates_s.c.o[0m
[7.455s] [ 90%] [32mBuilding C object CMakeFiles/sim_interfaces__rosidl_generator_py.dir/rosidl_generator_py/sim_interfaces/msg/_anchor_info_s.c.o[0m
[7.455s] [ 90%] [32mBuilding C object CMakeFiles/sim_interfaces__rosidl_generator_py.dir/rosidl_generator_py/sim_interfaces/msg/_waypoint_lists_s.c.o[0m
[7.455s] [ 91%] [32mBuilding C object CMakeFiles/sim_interfaces__rosidl_generator_py.dir/rosidl_generator_py/sim_interfaces/msg/_anchor_errors_s.c.o[0m
[7.456s] [ 91%] [32mBuilding C object CMakeFiles/sim_interfaces__rosidl_generator_py.dir/rosidl_generator_py/sim_interfaces/msg/_anchor_error_s.c.o[0m
[7.456s] [ 92%] [32mBuilding C object CMakeFiles/sim_interfaces__rosidl_generator_py.dir/rosidl_generator_py/sim_interfaces/msg/_waypoint_list_s.c.o[0m
[7.456s] [ 93%] [32mBuilding C object CMakeFiles/sim_interfaces__rosidl_generator_py.dir/rosidl_generator_py/sim_interfaces/srv/_anchor_info_s.c.o[0m
[7.456s] [ 94%] [32mBuilding C object CMakeFiles/sim_interfaces__rosidl_generator_py.dir/rosidl_generator_py/sim_interfaces/msg/_optimized_trajectory_s.c.o[0m
[7.725s] [ 95%] [32m[1mLinking C shared library rosidl_generator_py/sim_interfaces/libsim_interfaces__rosidl_generator_py.so[0m
[7.773s] [ 95%] Built target sim_interfaces__rosidl_generator_py
[7.795s] [ 97%] [32mBuilding C object CMakeFiles/sim_interfaces__rosidl_typesupport_introspection_c__pyext.dir/rosidl_generator_py/sim_interfaces/_sim_interfaces_s.ep.rosidl_typesupport_introspection_c.c.o[0m
[7.795s] [ 97%] [32mBuilding C object CMakeFiles/sim_interfaces__rosidl_typesupport_fastrtps_c__pyext.dir/rosidl_generator_py/sim_interfaces/_sim_interfaces_s.ep.rosidl_typesupport_fastrtps_c.c.o[0m
[7.795s] [ 97%] [32mBuilding C object CMakeFiles/sim_interfaces__rosidl_typesupport_c__pyext.dir/rosidl_generator_py/sim_interfaces/_sim_interfaces_s.ep.rosidl_typesupport_c.c.o[0m
[7.921s] [ 98%] [32m[1mLinking C shared library rosidl_generator_py/sim_interfaces/sim_interfaces_s__rosidl_typesupport_fastrtps_c.cpython-310-x86_64-linux-gnu.so[0m
[7.922s] [ 99%] [32m[1mLinking C shared library rosidl_generator_py/sim_interfaces/sim_interfaces_s__rosidl_typesupport_c.cpython-310-x86_64-linux-gnu.so[0m
[7.922s] [100%] [32m[1mLinking C shared library rosidl_generator_py/sim_interfaces/sim_interfaces_s__rosidl_typesupport_introspection_c.cpython-310-x86_64-linux-gnu.so[0m
[7.971s] [100%] Built target sim_interfaces__rosidl_typesupport_c__pyext
[7.971s] [100%] Built target sim_interfaces__rosidl_typesupport_introspection_c__pyext
[7.972s] [100%] Built target sim_interfaces__rosidl_typesupport_fastrtps_c__pyext
[7.987s] Invoked command in '/home/ben/Documents/master_thesis/code/uwb_online_initialisation_simulator/src/build/sim_interfaces' returned '0': CMAKE_PREFIX_PATH=${CMAKE_PREFIX_PATH}:/home/ben/Documents/master_thesis/code/uwb_online_initialisation_simulator/install/online_uwb_initialisation:/home/ben/Documents/master_thesis/code/uwb_online_initialisation_simulator/install/drone_uwb_simulator:/home/ben/Documents/master_thesis/code/uwb_online_initialisation_simulator/install/rl_optimisation:/home/ben/Documents/master_thesis/code/uwb_online_initialisation_simulator/install/matplotlib_visualisation:/opt/ros/humble /usr/bin/cmake --build /home/ben/Documents/master_thesis/code/uwb_online_initialisation_simulator/src/build/sim_interfaces -- -j16 -l16
[8.257s] Invoking command in '/home/ben/Documents/master_thesis/code/uwb_online_initialisation_simulator/src/build/sim_interfaces': CMAKE_PREFIX_PATH=${CMAKE_PREFIX_PATH}:/home/ben/Documents/master_thesis/code/uwb_online_initialisation_simulator/install/online_uwb_initialisation:/home/ben/Documents/master_thesis/code/uwb_online_initialisation_simulator/install/drone_uwb_simulator:/home/ben/Documents/master_thesis/code/uwb_online_initialisation_simulator/install/rl_optimisation:/home/ben/Documents/master_thesis/code/uwb_online_initialisation_simulator/install/matplotlib_visualisation:/opt/ros/humble /usr/bin/cmake --install /home/ben/Documents/master_thesis/code/uwb_online_initialisation_simulator/src/build/sim_interfaces
[8.265s] -- Install configuration: ""
[8.265s] -- Installing: /home/ben/Documents/master_thesis/code/uwb_online_initialisation_simulator/src/install/sim_interfaces/share/ament_index/resource_index/rosidl_interfaces/sim_interfaces
[8.265s] -- Installing: /home/ben/Documents/master_thesis/code/uwb_online_initialisation_simulator/src/install/sim_interfaces/include/sim_interfaces/sim_interfaces
[8.265s] -- Installing: /home/ben/Documents/master_thesis/code/uwb_online_initialisation_simulator/src/install/sim_interfaces/include/sim_interfaces/sim_interfaces/srv
[8.265s] -- Installing: /home/ben/Documents/master_thesis/code/uwb_online_initialisation_simulator/src/install/sim_interfaces/include/sim_interfaces/sim_interfaces/srv/detail
[8.266s] -- Installing: /home/ben/Documents/master_thesis/code/uwb_online_initialisation_simulator/src/install/sim_interfaces/include/sim_interfaces/sim_interfaces/srv/detail/anchor_info__type_support.h
[8.266s] -- Installing: /home/ben/Documents/master_thesis/code/uwb_online_initialisation_simulator/src/install/sim_interfaces/include/sim_interfaces/sim_interfaces/srv/detail/trajectory_info__type_support.h
[8.266s] -- Installing: /home/ben/Documents/master_thesis/code/uwb_online_initialisation_simulator/src/install/sim_interfaces/include/sim_interfaces/sim_interfaces/srv/detail/anchor_info__functions.h
[8.266s] -- Installing: /home/ben/Documents/master_thesis/code/uwb_online_initialisation_simulator/src/install/sim_interfaces/include/sim_interfaces/sim_interfaces/srv/detail/trajectory_info__functions.h
[8.266s] -- Installing: /home/ben/Documents/master_thesis/code/uwb_online_initialisation_simulator/src/install/sim_interfaces/include/sim_interfaces/sim_interfaces/srv/detail/anchor_info__functions.c
[8.266s] -- Installing: /home/ben/Documents/master_thesis/code/uwb_online_initialisation_simulator/src/install/sim_interfaces/include/sim_interfaces/sim_interfaces/srv/detail/trajectory_info__functions.c
[8.267s] -- Installing: /home/ben/Documents/master_thesis/code/uwb_online_initialisation_simulator/src/install/sim_interfaces/include/sim_interfaces/sim_interfaces/srv/detail/anchor_info__struct.h
[8.267s] -- Installing: /home/ben/Documents/master_thesis/code/uwb_online_initialisation_simulator/src/install/sim_interfaces/include/sim_interfaces/sim_interfaces/srv/detail/trajectory_info__struct.h
[8.267s] -- Installing: /home/ben/Documents/master_thesis/code/uwb_online_initialisation_simulator/src/install/sim_interfaces/include/sim_interfaces/sim_interfaces/srv/anchor_info.h
[8.267s] -- Installing: /home/ben/Documents/master_thesis/code/uwb_online_initialisation_simulator/src/install/sim_interfaces/include/sim_interfaces/sim_interfaces/srv/trajectory_info.h
[8.267s] -- Installing: /home/ben/Documents/master_thesis/code/uwb_online_initialisation_simulator/src/install/sim_interfaces/include/sim_interfaces/sim_interfaces/msg
[8.267s] -- Installing: /home/ben/Documents/master_thesis/code/uwb_online_initialisation_simulator/src/install/sim_interfaces/include/sim_interfaces/sim_interfaces/msg/detail
[8.267s] -- Installing: /home/ben/Documents/master_thesis/code/uwb_online_initialisation_simulator/src/install/sim_interfaces/include/sim_interfaces/sim_interfaces/msg/detail/stamped_float__type_support.h
[8.268s] -- Installing: /home/ben/Documents/master_thesis/code/uwb_online_initialisation_simulator/src/install/sim_interfaces/include/sim_interfaces/sim_interfaces/msg/detail/anchor_estimate__functions.h
[8.268s] -- Installing: /home/ben/Documents/master_thesis/code/uwb_online_initialisation_simulator/src/install/sim_interfaces/include/sim_interfaces/sim_interfaces/msg/detail/anchor_info__type_support.h
[8.268s] -- Installing: /home/ben/Documents/master_thesis/code/uwb_online_initialisation_simulator/src/install/sim_interfaces/include/sim_interfaces/sim_interfaces/msg/detail/waypoint_list__functions.h
[8.268s] -- Installing: /home/ben/Documents/master_thesis/code/uwb_online_initialisation_simulator/src/install/sim_interfaces/include/sim_interfaces/sim_interfaces/msg/detail/waypoint_list__struct.h
[8.268s] -- Installing: /home/ben/Documents/master_thesis/code/uwb_online_initialisation_simulator/src/install/sim_interfaces/include/sim_interfaces/sim_interfaces/msg/detail/optimized_trajectory__functions.h
[8.268s] -- Installing: /home/ben/Documents/master_thesis/code/uwb_online_initialisation_simulator/src/install/sim_interfaces/include/sim_interfaces/sim_interfaces/msg/detail/drone_position__functions.c
[8.268s] -- Installing: /home/ben/Documents/master_thesis/code/uwb_online_initialisation_simulator/src/install/sim_interfaces/include/sim_interfaces/sim_interfaces/msg/detail/waypoint_list__functions.c
[8.269s] -- Installing: /home/ben/Documents/master_thesis/code/uwb_online_initialisation_simulator/src/install/sim_interfaces/include/sim_interfaces/sim_interfaces/msg/detail/anchor_errors__functions.h
[8.269s] -- Installing: /home/ben/Documents/master_thesis/code/uwb_online_initialisation_simulator/src/install/sim_interfaces/include/sim_interfaces/sim_interfaces/msg/detail/anchor_errors__type_support.h
[8.269s] -- Installing: /home/ben/Documents/master_thesis/code/uwb_online_initialisation_simulator/src/install/sim_interfaces/include/sim_interfaces/sim_interfaces/msg/detail/waypoint_lists__type_support.h
[8.269s] -- Installing: /home/ben/Documents/master_thesis/code/uwb_online_initialisation_simulator/src/install/sim_interfaces/include/sim_interfaces/sim_interfaces/msg/detail/drone_position__type_support.h
[8.269s] -- Installing: /home/ben/Documents/master_thesis/code/uwb_online_initialisation_simulator/src/install/sim_interfaces/include/sim_interfaces/sim_interfaces/msg/detail/anchor_error__functions.h
[8.269s] -- Installing: /home/ben/Documents/master_thesis/code/uwb_online_initialisation_simulator/src/install/sim_interfaces/include/sim_interfaces/sim_interfaces/msg/detail/optimized_trajectory__struct.h
[8.270s] -- Installing: /home/ben/Documents/master_thesis/code/uwb_online_initialisation_simulator/src/install/sim_interfaces/include/sim_interfaces/sim_interfaces/msg/detail/anchor_estimate__functions.c
[8.270s] -- Installing: /home/ben/Documents/master_thesis/code/uwb_online_initialisation_simulator/src/install/sim_interfaces/include/sim_interfaces/sim_interfaces/msg/detail/waypoint_list__type_support.h
[8.270s] -- Installing: /home/ben/Documents/master_thesis/code/uwb_online_initialisation_simulator/src/install/sim_interfaces/include/sim_interfaces/sim_interfaces/msg/detail/optimized_trajectory__type_support.h
[8.270s] -- Installing: /home/ben/Documents/master_thesis/code/uwb_online_initialisation_simulator/src/install/sim_interfaces/include/sim_interfaces/sim_interfaces/msg/detail/anchor_estimate__type_support.h
[8.270s] -- Installing: /home/ben/Documents/master_thesis/code/uwb_online_initialisation_simulator/src/install/sim_interfaces/include/sim_interfaces/sim_interfaces/msg/detail/drone_position__struct.h
[8.270s] -- Installing: /home/ben/Documents/master_thesis/code/uwb_online_initialisation_simulator/src/install/sim_interfaces/include/sim_interfaces/sim_interfaces/msg/detail/anchor_info__functions.h
[8.270s] -- Installing: /home/ben/Documents/master_thesis/code/uwb_online_initialisation_simulator/src/install/sim_interfaces/include/sim_interfaces/sim_interfaces/msg/detail/optimized_trajectory__functions.c
[8.271s] -- Installing: /home/ben/Documents/master_thesis/code/uwb_online_initialisation_simulator/src/install/sim_interfaces/include/sim_interfaces/sim_interfaces/msg/detail/stamped_float__struct.h
[8.271s] -- Installing: /home/ben/Documents/master_thesis/code/uwb_online_initialisation_simulator/src/install/sim_interfaces/include/sim_interfaces/sim_interfaces/msg/detail/waypoint_lists__struct.h
[8.271s] -- Installing: /home/ben/Documents/master_thesis/code/uwb_online_initialisation_simulator/src/install/sim_interfaces/include/sim_interfaces/sim_interfaces/msg/detail/drone_position__functions.h
[8.271s] -- Installing: /home/ben/Documents/master_thesis/code/uwb_online_initialisation_simulator/src/install/sim_interfaces/include/sim_interfaces/sim_interfaces/msg/detail/anchor_info__functions.c
[8.271s] -- Installing: /home/ben/Documents/master_thesis/code/uwb_online_initialisation_simulator/src/install/sim_interfaces/include/sim_interfaces/sim_interfaces/msg/detail/anchor_estimates__type_support.h
[8.271s] -- Installing: /home/ben/Documents/master_thesis/code/uwb_online_initialisation_simulator/src/install/sim_interfaces/include/sim_interfaces/sim_interfaces/msg/detail/anchor_error__functions.c
[8.272s] -- Installing: /home/ben/Documents/master_thesis/code/uwb_online_initialisation_simulator/src/install/sim_interfaces/include/sim_interfaces/sim_interfaces/msg/detail/anchor_error__struct.h
[8.272s] -- Installing: /home/ben/Documents/master_thesis/code/uwb_online_initialisation_simulator/src/install/sim_interfaces/include/sim_interfaces/sim_interfaces/msg/detail/anchor_estimate__struct.h
[8.272s] -- Installing: /home/ben/Documents/master_thesis/code/uwb_online_initialisation_simulator/src/install/sim_interfaces/include/sim_interfaces/sim_interfaces/msg/detail/anchor_info__struct.h
[8.272s] -- Installing: /home/ben/Documents/master_thesis/code/uwb_online_initialisation_simulator/src/install/sim_interfaces/include/sim_interfaces/sim_interfaces/msg/detail/anchor_estimates__struct.h
[8.272s] -- Installing: /home/ben/Documents/master_thesis/code/uwb_online_initialisation_simulator/src/install/sim_interfaces/include/sim_interfaces/sim_interfaces/msg/detail/anchor_estimates__functions.c
[8.272s] -- Installing: /home/ben/Documents/master_thesis/code/uwb_online_initialisation_simulator/src/install/sim_interfaces/include/sim_interfaces/sim_interfaces/msg/detail/anchor_estimates__functions.h
[8.272s] -- Installing: /home/ben/Documents/master_thesis/code/uwb_online_initialisation_simulator/src/install/sim_interfaces/include/sim_interfaces/sim_interfaces/msg/detail/anchor_errors__functions.c
[8.273s] -- Installing: /home/ben/Documents/master_thesis/code/uwb_online_initialisation_simulator/src/install/sim_interfaces/include/sim_interfaces/sim_interfaces/msg/detail/waypoint_lists__functions.h
[8.273s] -- Installing: /home/ben/Documents/master_thesis/code/uwb_online_initialisation_simulator/src/install/sim_interfaces/include/sim_interfaces/sim_interfaces/msg/detail/stamped_float__functions.c
[8.273s] -- Installing: /home/ben/Documents/master_thesis/code/uwb_online_initialisation_simulator/src/install/sim_interfaces/include/sim_interfaces/sim_interfaces/msg/detail/waypoint_lists__functions.c
[8.273s] -- Installing: /home/ben/Documents/master_thesis/code/uwb_online_initialisation_simulator/src/install/sim_interfaces/include/sim_interfaces/sim_interfaces/msg/detail/anchor_error__type_support.h
[8.273s] -- Installing: /home/ben/Documents/master_thesis/code/uwb_online_initialisation_simulator/src/install/sim_interfaces/include/sim_interfaces/sim_interfaces/msg/detail/stamped_float__functions.h
[8.273s] -- Installing: /home/ben/Documents/master_thesis/code/uwb_online_initialisation_simulator/src/install/sim_interfaces/include/sim_interfaces/sim_interfaces/msg/detail/anchor_errors__struct.h
[8.274s] -- Installing: /home/ben/Documents/master_thesis/code/uwb_online_initialisation_simulator/src/install/sim_interfaces/include/sim_interfaces/sim_interfaces/msg/anchor_error.h
[8.274s] -- Installing: /home/ben/Documents/master_thesis/code/uwb_online_initialisation_simulator/src/install/sim_interfaces/include/sim_interfaces/sim_interfaces/msg/drone_position.h
[8.274s] -- Installing: /home/ben/Documents/master_thesis/code/uwb_online_initialisation_simulator/src/install/sim_interfaces/include/sim_interfaces/sim_interfaces/msg/rosidl_generator_c__visibility_control.h
[8.274s] -- Installing: /home/ben/Documents/master_thesis/code/uwb_online_initialisation_simulator/src/install/sim_interfaces/include/sim_interfaces/sim_interfaces/msg/anchor_info.h
[8.274s] -- Installing: /home/ben/Documents/master_thesis/code/uwb_online_initialisation_simulator/src/install/sim_interfaces/include/sim_interfaces/sim_interfaces/msg/waypoint_list.h
[8.274s] -- Installing: /home/ben/Documents/master_thesis/code/uwb_online_initialisation_simulator/src/install/sim_interfaces/include/sim_interfaces/sim_interfaces/msg/anchor_estimate.h
[8.274s] -- Installing: /home/ben/Documents/master_thesis/code/uwb_online_initialisation_simulator/src/install/sim_interfaces/include/sim_interfaces/sim_interfaces/msg/stamped_float.h
[8.275s] -- Installing: /home/ben/Documents/master_thesis/code/uwb_online_initialisation_simulator/src/install/sim_interfaces/include/sim_interfaces/sim_interfaces/msg/waypoint_lists.h
[8.275s] -- Installing: /home/ben/Documents/master_thesis/code/uwb_online_initialisation_simulator/src/install/sim_interfaces/include/sim_interfaces/sim_interfaces/msg/anchor_errors.h
[8.275s] -- Installing: /home/ben/Documents/master_thesis/code/uwb_online_initialisation_simulator/src/install/sim_interfaces/include/sim_interfaces/sim_interfaces/msg/anchor_estimates.h
[8.275s] -- Installing: /home/ben/Documents/master_thesis/code/uwb_online_initialisation_simulator/src/install/sim_interfaces/include/sim_interfaces/sim_interfaces/msg/optimized_trajectory.h
[8.275s] -- Installing: /home/ben/Documents/master_thesis/code/uwb_online_initialisation_simulator/src/install/sim_interfaces/share/sim_interfaces/environment/library_path.sh
[8.276s] -- Installing: /home/ben/Documents/master_thesis/code/uwb_online_initialisation_simulator/src/install/sim_interfaces/share/sim_interfaces/environment/library_path.dsv
[8.276s] -- Installing: /home/ben/Documents/master_thesis/code/uwb_online_initialisation_simulator/src/install/sim_interfaces/lib/libsim_interfaces__rosidl_generator_c.so
[8.276s] -- Set runtime path of "/home/ben/Documents/master_thesis/code/uwb_online_initialisation_simulator/src/install/sim_interfaces/lib/libsim_interfaces__rosidl_generator_c.so" to ""
[8.276s] -- Up-to-date: /home/ben/Documents/master_thesis/code/uwb_online_initialisation_simulator/src/install/sim_interfaces/include/sim_interfaces/sim_interfaces
[8.276s] -- Up-to-date: /home/ben/Documents/master_thesis/code/uwb_online_initialisation_simulator/src/install/sim_interfaces/include/sim_interfaces/sim_interfaces/srv
[8.277s] -- Up-to-date: /home/ben/Documents/master_thesis/code/uwb_online_initialisation_simulator/src/install/sim_interfaces/include/sim_interfaces/sim_interfaces/srv/detail
[8.277s] -- Installing: /home/ben/Documents/master_thesis/code/uwb_online_initialisation_simulator/src/install/sim_interfaces/include/sim_interfaces/sim_interfaces/srv/detail/trajectory_info__rosidl_typesupport_fastrtps_c.h
[8.277s] -- Installing: /home/ben/Documents/master_thesis/code/uwb_online_initialisation_simulator/src/install/sim_interfaces/include/sim_interfaces/sim_interfaces/srv/detail/anchor_info__rosidl_typesupport_fastrtps_c.h
[8.277s] -- Up-to-date: /home/ben/Documents/master_thesis/code/uwb_online_initialisation_simulator/src/install/sim_interfaces/include/sim_interfaces/sim_interfaces/msg
[8.277s] -- Up-to-date: /home/ben/Documents/master_thesis/code/uwb_online_initialisation_simulator/src/install/sim_interfaces/include/sim_interfaces/sim_interfaces/msg/detail
[8.277s] -- Installing: /home/ben/Documents/master_thesis/code/uwb_online_initialisation_simulator/src/install/sim_interfaces/include/sim_interfaces/sim_interfaces/msg/detail/stamped_float__rosidl_typesupport_fastrtps_c.h
[8.277s] -- Installing: /home/ben/Documents/master_thesis/code/uwb_online_initialisation_simulator/src/install/sim_interfaces/include/sim_interfaces/sim_interfaces/msg/detail/waypoint_list__rosidl_typesupport_fastrtps_c.h
[8.277s] -- Installing: /home/ben/Documents/master_thesis/code/uwb_online_initialisation_simulator/src/install/sim_interfaces/include/sim_interfaces/sim_interfaces/msg/detail/anchor_estimate__rosidl_typesupport_fastrtps_c.h
[8.277s] -- Installing: /home/ben/Documents/master_thesis/code/uwb_online_initialisation_simulator/src/install/sim_interfaces/include/sim_interfaces/sim_interfaces/msg/detail/waypoint_lists__rosidl_typesupport_fastrtps_c.h
[8.278s] -- Installing: /home/ben/Documents/master_thesis/code/uwb_online_initialisation_simulator/src/install/sim_interfaces/include/sim_interfaces/sim_interfaces/msg/detail/anchor_error__rosidl_typesupport_fastrtps_c.h
[8.278s] -- Installing: /home/ben/Documents/master_thesis/code/uwb_online_initialisation_simulator/src/install/sim_interfaces/include/sim_interfaces/sim_interfaces/msg/detail/anchor_info__rosidl_typesupport_fastrtps_c.h
[8.278s] -- Installing: /home/ben/Documents/master_thesis/code/uwb_online_initialisation_simulator/src/install/sim_interfaces/include/sim_interfaces/sim_interfaces/msg/detail/anchor_errors__rosidl_typesupport_fastrtps_c.h
[8.278s] -- Installing: /home/ben/Documents/master_thesis/code/uwb_online_initialisation_simulator/src/install/sim_interfaces/include/sim_interfaces/sim_interfaces/msg/detail/optimized_trajectory__rosidl_typesupport_fastrtps_c.h
[8.278s] -- Installing: /home/ben/Documents/master_thesis/code/uwb_online_initialisation_simulator/src/install/sim_interfaces/include/sim_interfaces/sim_interfaces/msg/detail/anchor_estimates__rosidl_typesupport_fastrtps_c.h
[8.278s] -- Installing: /home/ben/Documents/master_thesis/code/uwb_online_initialisation_simulator/src/install/sim_interfaces/include/sim_interfaces/sim_interfaces/msg/detail/drone_position__rosidl_typesupport_fastrtps_c.h
[8.279s] -- Installing: /home/ben/Documents/master_thesis/code/uwb_online_initialisation_simulator/src/install/sim_interfaces/include/sim_interfaces/sim_interfaces/msg/rosidl_typesupport_fastrtps_c__visibility_control.h
[8.279s] -- Installing: /home/ben/Documents/master_thesis/code/uwb_online_initialisation_simulator/src/install/sim_interfaces/lib/libsim_interfaces__rosidl_typesupport_fastrtps_c.so
[8.279s] -- Set runtime path of "/home/ben/Documents/master_thesis/code/uwb_online_initialisation_simulator/src/install/sim_interfaces/lib/libsim_interfaces__rosidl_typesupport_fastrtps_c.so" to ""
[8.279s] -- Up-to-date: /home/ben/Documents/master_thesis/code/uwb_online_initialisation_simulator/src/install/sim_interfaces/include/sim_interfaces/sim_interfaces
[8.279s] -- Up-to-date: /home/ben/Documents/master_thesis/code/uwb_online_initialisation_simulator/src/install/sim_interfaces/include/sim_interfaces/sim_interfaces/srv
[8.280s] -- Up-to-date: /home/ben/Documents/master_thesis/code/uwb_online_initialisation_simulator/src/install/sim_interfaces/include/sim_interfaces/sim_interfaces/srv/detail
[8.280s] -- Installing: /home/ben/Documents/master_thesis/code/uwb_online_initialisation_simulator/src/install/sim_interfaces/include/sim_interfaces/sim_interfaces/srv/detail/trajectory_info__traits.hpp
[8.280s] -- Installing: /home/ben/Documents/master_thesis/code/uwb_online_initialisation_simulator/src/install/sim_interfaces/include/sim_interfaces/sim_interfaces/srv/detail/trajectory_info__struct.hpp
[8.280s] -- Installing: /home/ben/Documents/master_thesis/code/uwb_online_initialisation_simulator/src/install/sim_interfaces/include/sim_interfaces/sim_interfaces/srv/detail/anchor_info__traits.hpp
[8.280s] -- Installing: /home/ben/Documents/master_thesis/code/uwb_online_initialisation_simulator/src/install/sim_interfaces/include/sim_interfaces/sim_interfaces/srv/detail/anchor_info__builder.hpp
[8.280s] -- Installing: /home/ben/Documents/master_thesis/code/uwb_online_initialisation_simulator/src/install/sim_interfaces/include/sim_interfaces/sim_interfaces/srv/detail/trajectory_info__builder.hpp
[8.280s] -- Installing: /home/ben/Documents/master_thesis/code/uwb_online_initialisation_simulator/src/install/sim_interfaces/include/sim_interfaces/sim_interfaces/srv/detail/anchor_info__struct.hpp
[8.280s] -- Installing: /home/ben/Documents/master_thesis/code/uwb_online_initialisation_simulator/src/install/sim_interfaces/include/sim_interfaces/sim_interfaces/srv/anchor_info.hpp
[8.281s] -- Installing: /home/ben/Documents/master_thesis/code/uwb_online_initialisation_simulator/src/install/sim_interfaces/include/sim_interfaces/sim_interfaces/srv/trajectory_info.hpp
[8.281s] -- Up-to-date: /home/ben/Documents/master_thesis/code/uwb_online_initialisation_simulator/src/install/sim_interfaces/include/sim_interfaces/sim_interfaces/msg
[8.281s] -- Up-to-date: /home/ben/Documents/master_thesis/code/uwb_online_initialisation_simulator/src/install/sim_interfaces/include/sim_interfaces/sim_interfaces/msg/detail
[8.281s] -- Installing: /home/ben/Documents/master_thesis/code/uwb_online_initialisation_simulator/src/install/sim_interfaces/include/sim_interfaces/sim_interfaces/msg/detail/anchor_errors__traits.hpp
[8.281s] -- Installing: /home/ben/Documents/master_thesis/code/uwb_online_initialisation_simulator/src/install/sim_interfaces/include/sim_interfaces/sim_interfaces/msg/detail/waypoint_lists__traits.hpp
[8.281s] -- Installing: /home/ben/Documents/master_thesis/code/uwb_online_initialisation_simulator/src/install/sim_interfaces/include/sim_interfaces/sim_interfaces/msg/detail/waypoint_list__builder.hpp
[8.281s] -- Installing: /home/ben/Documents/master_thesis/code/uwb_online_initialisation_simulator/src/install/sim_interfaces/include/sim_interfaces/sim_interfaces/msg/detail/anchor_estimates__builder.hpp
[8.282s] -- Installing: /home/ben/Documents/master_thesis/code/uwb_online_initialisation_simulator/src/install/sim_interfaces/include/sim_interfaces/sim_interfaces/msg/detail/waypoint_list__traits.hpp
[8.282s] -- Installing: /home/ben/Documents/master_thesis/code/uwb_online_initialisation_simulator/src/install/sim_interfaces/include/sim_interfaces/sim_interfaces/msg/detail/anchor_error__struct.hpp
[8.282s] -- Installing: /home/ben/Documents/master_thesis/code/uwb_online_initialisation_simulator/src/install/sim_interfaces/include/sim_interfaces/sim_interfaces/msg/detail/optimized_trajectory__struct.hpp
[8.282s] -- Installing: /home/ben/Documents/master_thesis/code/uwb_online_initialisation_simulator/src/install/sim_interfaces/include/sim_interfaces/sim_interfaces/msg/detail/anchor_errors__struct.hpp
[8.282s] -- Installing: /home/ben/Documents/master_thesis/code/uwb_online_initialisation_simulator/src/install/sim_interfaces/include/sim_interfaces/sim_interfaces/msg/detail/anchor_info__traits.hpp
[8.282s] -- Installing: /home/ben/Documents/master_thesis/code/uwb_online_initialisation_simulator/src/install/sim_interfaces/include/sim_interfaces/sim_interfaces/msg/detail/anchor_estimates__traits.hpp
[8.282s] -- Installing: /home/ben/Documents/master_thesis/code/uwb_online_initialisation_simulator/src/install/sim_interfaces/include/sim_interfaces/sim_interfaces/msg/detail/waypoint_lists__builder.hpp
[8.283s] -- Installing: /home/ben/Documents/master_thesis/code/uwb_online_initialisation_simulator/src/install/sim_interfaces/include/sim_interfaces/sim_interfaces/msg/detail/stamped_float__builder.hpp
[8.283s] -- Installing: /home/ben/Documents/master_thesis/code/uwb_online_initialisation_simulator/src/install/sim_interfaces/include/sim_interfaces/sim_interfaces/msg/detail/anchor_errors__builder.hpp
[8.283s] -- Installing: /home/ben/Documents/master_thesis/code/uwb_online_initialisation_simulator/src/install/sim_interfaces/include/sim_interfaces/sim_interfaces/msg/detail/anchor_estimate__builder.hpp
[8.283s] -- Installing: /home/ben/Documents/master_thesis/code/uwb_online_initialisation_simulator/src/install/sim_interfaces/include/sim_interfaces/sim_interfaces/msg/detail/drone_position__struct.hpp
[8.283s] -- Installing: /home/ben/Documents/master_thesis/code/uwb_online_initialisation_simulator/src/install/sim_interfaces/include/sim_interfaces/sim_interfaces/msg/detail/stamped_float__struct.hpp
[8.284s] -- Installing: /home/ben/Documents/master_thesis/code/uwb_online_initialisation_simulator/src/install/sim_interfaces/include/sim_interfaces/sim_interfaces/msg/detail/anchor_info__builder.hpp
[8.284s] -- Installing: /home/ben/Documents/master_thesis/code/uwb_online_initialisation_simulator/src/install/sim_interfaces/include/sim_interfaces/sim_interfaces/msg/detail/waypoint_list__struct.hpp
[8.284s] -- Installing: /home/ben/Documents/master_thesis/code/uwb_online_initialisation_simulator/src/install/sim_interfaces/include/sim_interfaces/sim_interfaces/msg/detail/anchor_estimate__traits.hpp
[8.284s] -- Installing: /home/ben/Documents/master_thesis/code/uwb_online_initialisation_simulator/src/install/sim_interfaces/include/sim_interfaces/sim_interfaces/msg/detail/drone_position__traits.hpp
[8.284s] -- Installing: /home/ben/Documents/master_thesis/code/uwb_online_initialisation_simulator/src/install/sim_interfaces/include/sim_interfaces/sim_interfaces/msg/detail/stamped_float__traits.hpp
[8.285s] -- Installing: /home/ben/Documents/master_thesis/code/uwb_online_initialisation_simulator/src/install/sim_interfaces/include/sim_interfaces/sim_interfaces/msg/detail/anchor_error__traits.hpp
[8.285s] -- Installing: /home/ben/Documents/master_thesis/code/uwb_online_initialisation_simulator/src/install/sim_interfaces/include/sim_interfaces/sim_interfaces/msg/detail/drone_position__builder.hpp
[8.285s] -- Installing: /home/ben/Documents/master_thesis/code/uwb_online_initialisation_simulator/src/install/sim_interfaces/include/sim_interfaces/sim_interfaces/msg/detail/optimized_trajectory__traits.hpp
[8.285s] -- Installing: /home/ben/Documents/master_thesis/code/uwb_online_initialisation_simulator/src/install/sim_interfaces/include/sim_interfaces/sim_interfaces/msg/detail/anchor_estimates__struct.hpp
[8.285s] -- Installing: /home/ben/Documents/master_thesis/code/uwb_online_initialisation_simulator/src/install/sim_interfaces/include/sim_interfaces/sim_interfaces/msg/detail/optimized_trajectory__builder.hpp
[8.285s] -- Installing: /home/ben/Documents/master_thesis/code/uwb_online_initialisation_simulator/src/install/sim_interfaces/include/sim_interfaces/sim_interfaces/msg/detail/anchor_info__struct.hpp
[8.286s] -- Installing: /home/ben/Documents/master_thesis/code/uwb_online_initialisation_simulator/src/install/sim_interfaces/include/sim_interfaces/sim_interfaces/msg/detail/anchor_error__builder.hpp
[8.286s] -- Installing: /home/ben/Documents/master_thesis/code/uwb_online_initialisation_simulator/src/install/sim_interfaces/include/sim_interfaces/sim_interfaces/msg/detail/anchor_estimate__struct.hpp
[8.286s] -- Installing: /home/ben/Documents/master_thesis/code/uwb_online_initialisation_simulator/src/install/sim_interfaces/include/sim_interfaces/sim_interfaces/msg/detail/waypoint_lists__struct.hpp
[8.286s] -- Installing: /home/ben/Documents/master_thesis/code/uwb_online_initialisation_simulator/src/install/sim_interfaces/include/sim_interfaces/sim_interfaces/msg/anchor_errors.hpp
[8.286s] -- Installing: /home/ben/Documents/master_thesis/code/uwb_online_initialisation_simulator/src/install/sim_interfaces/include/sim_interfaces/sim_interfaces/msg/optimized_trajectory.hpp
[8.286s] -- Installing: /home/ben/Documents/master_thesis/code/uwb_online_initialisation_simulator/src/install/sim_interfaces/include/sim_interfaces/sim_interfaces/msg/drone_position.hpp
[8.287s] -- Installing: /home/ben/Documents/master_thesis/code/uwb_online_initialisation_simulator/src/install/sim_interfaces/include/sim_interfaces/sim_interfaces/msg/anchor_estimate.hpp
[8.287s] -- Installing: /home/ben/Documents/master_thesis/code/uwb_online_initialisation_simulator/src/install/sim_interfaces/include/sim_interfaces/sim_interfaces/msg/waypoint_list.hpp
[8.287s] -- Installing: /home/ben/Documents/master_thesis/code/uwb_online_initialisation_simulator/src/install/sim_interfaces/include/sim_interfaces/sim_interfaces/msg/anchor_info.hpp
[8.287s] -- Installing: /home/ben/Documents/master_thesis/code/uwb_online_initialisation_simulator/src/install/sim_interfaces/include/sim_interfaces/sim_interfaces/msg/stamped_float.hpp
[8.287s] -- Installing: /home/ben/Documents/master_thesis/code/uwb_online_initialisation_simulator/src/install/sim_interfaces/include/sim_interfaces/sim_interfaces/msg/anchor_estimates.hpp
[8.288s] -- Installing: /home/ben/Documents/master_thesis/code/uwb_online_initialisation_simulator/src/install/sim_interfaces/include/sim_interfaces/sim_interfaces/msg/anchor_error.hpp
[8.288s] -- Installing: /home/ben/Documents/master_thesis/code/uwb_online_initialisation_simulator/src/install/sim_interfaces/include/sim_interfaces/sim_interfaces/msg/waypoint_lists.hpp
[8.288s] -- Up-to-date: /home/ben/Documents/master_thesis/code/uwb_online_initialisation_simulator/src/install/sim_interfaces/include/sim_interfaces/sim_interfaces
[8.288s] -- Up-to-date: /home/ben/Documents/master_thesis/code/uwb_online_initialisation_simulator/src/install/sim_interfaces/include/sim_interfaces/sim_interfaces/srv
[8.288s] -- Up-to-date: /home/ben/Documents/master_thesis/code/uwb_online_initialisation_simulator/src/install/sim_interfaces/include/sim_interfaces/sim_interfaces/srv/detail
[8.288s] -- Installing: /home/ben/Documents/master_thesis/code/uwb_online_initialisation_simulator/src/install/sim_interfaces/include/sim_interfaces/sim_interfaces/srv/detail/dds_fastrtps
[8.289s] -- Installing: /home/ben/Documents/master_thesis/code/uwb_online_initialisation_simulator/src/install/sim_interfaces/include/sim_interfaces/sim_interfaces/srv/detail/anchor_info__rosidl_typesupport_fastrtps_cpp.hpp
[8.289s] -- Installing: /home/ben/Documents/master_thesis/code/uwb_online_initialisation_simulator/src/install/sim_interfaces/include/sim_interfaces/sim_interfaces/srv/detail/trajectory_info__rosidl_typesupport_fastrtps_cpp.hpp
[8.289s] -- Up-to-date: /home/ben/Documents/master_thesis/code/uwb_online_initialisation_simulator/src/install/sim_interfaces/include/sim_interfaces/sim_interfaces/msg
[8.289s] -- Up-to-date: /home/ben/Documents/master_thesis/code/uwb_online_initialisation_simulator/src/install/sim_interfaces/include/sim_interfaces/sim_interfaces/msg/detail
[8.289s] -- Installing: /home/ben/Documents/master_thesis/code/uwb_online_initialisation_simulator/src/install/sim_interfaces/include/sim_interfaces/sim_interfaces/msg/detail/waypoint_list__rosidl_typesupport_fastrtps_cpp.hpp
[8.289s] -- Installing: /home/ben/Documents/master_thesis/code/uwb_online_initialisation_simulator/src/install/sim_interfaces/include/sim_interfaces/sim_interfaces/msg/detail/drone_position__rosidl_typesupport_fastrtps_cpp.hpp
[8.290s] -- Installing: /home/ben/Documents/master_thesis/code/uwb_online_initialisation_simulator/src/install/sim_interfaces/include/sim_interfaces/sim_interfaces/msg/detail/dds_fastrtps
[8.290s] -- Installing: /home/ben/Documents/master_thesis/code/uwb_online_initialisation_simulator/src/install/sim_interfaces/include/sim_interfaces/sim_interfaces/msg/detail/anchor_errors__rosidl_typesupport_fastrtps_cpp.hpp
[8.290s] -- Installing: /home/ben/Documents/master_thesis/code/uwb_online_initialisation_simulator/src/install/sim_interfaces/include/sim_interfaces/sim_interfaces/msg/detail/anchor_estimate__rosidl_typesupport_fastrtps_cpp.hpp
[8.290s] -- Installing: /home/ben/Documents/master_thesis/code/uwb_online_initialisation_simulator/src/install/sim_interfaces/include/sim_interfaces/sim_interfaces/msg/detail/anchor_info__rosidl_typesupport_fastrtps_cpp.hpp
[8.290s] -- Installing: /home/ben/Documents/master_thesis/code/uwb_online_initialisation_simulator/src/install/sim_interfaces/include/sim_interfaces/sim_interfaces/msg/detail/anchor_error__rosidl_typesupport_fastrtps_cpp.hpp
[8.290s] -- Installing: /home/ben/Documents/master_thesis/code/uwb_online_initialisation_simulator/src/install/sim_interfaces/include/sim_interfaces/sim_interfaces/msg/detail/optimized_trajectory__rosidl_typesupport_fastrtps_cpp.hpp
[8.291s] -- Installing: /home/ben/Documents/master_thesis/code/uwb_online_initialisation_simulator/src/install/sim_interfaces/include/sim_interfaces/sim_interfaces/msg/detail/anchor_estimates__rosidl_typesupport_fastrtps_cpp.hpp
[8.291s] -- Installing: /home/ben/Documents/master_thesis/code/uwb_online_initialisation_simulator/src/install/sim_interfaces/include/sim_interfaces/sim_interfaces/msg/detail/stamped_float__rosidl_typesupport_fastrtps_cpp.hpp
[8.291s] -- Installing: /home/ben/Documents/master_thesis/code/uwb_online_initialisation_simulator/src/install/sim_interfaces/include/sim_interfaces/sim_interfaces/msg/detail/waypoint_lists__rosidl_typesupport_fastrtps_cpp.hpp
[8.291s] -- Installing: /home/ben/Documents/master_thesis/code/uwb_online_initialisation_simulator/src/install/sim_interfaces/include/sim_interfaces/sim_interfaces/msg/rosidl_typesupport_fastrtps_cpp__visibility_control.h
[8.291s] -- Installing: /home/ben/Documents/master_thesis/code/uwb_online_initialisation_simulator/src/install/sim_interfaces/lib/libsim_interfaces__rosidl_typesupport_fastrtps_cpp.so
[8.292s] -- Set runtime path of "/home/ben/Documents/master_thesis/code/uwb_online_initialisation_simulator/src/install/sim_interfaces/lib/libsim_interfaces__rosidl_typesupport_fastrtps_cpp.so" to ""
[8.292s] -- Up-to-date: /home/ben/Documents/master_thesis/code/uwb_online_initialisation_simulator/src/install/sim_interfaces/include/sim_interfaces/sim_interfaces
[8.292s] -- Up-to-date: /home/ben/Documents/master_thesis/code/uwb_online_initialisation_simulator/src/install/sim_interfaces/include/sim_interfaces/sim_interfaces/srv
[8.293s] -- Up-to-date: /home/ben/Documents/master_thesis/code/uwb_online_initialisation_simulator/src/install/sim_interfaces/include/sim_interfaces/sim_interfaces/srv/detail
[8.293s] -- Installing: /home/ben/Documents/master_thesis/code/uwb_online_initialisation_simulator/src/install/sim_interfaces/include/sim_interfaces/sim_interfaces/srv/detail/anchor_info__type_support.c
[8.293s] -- Installing: /home/ben/Documents/master_thesis/code/uwb_online_initialisation_simulator/src/install/sim_interfaces/include/sim_interfaces/sim_interfaces/srv/detail/anchor_info__rosidl_typesupport_introspection_c.h
[8.293s] -- Installing: /home/ben/Documents/master_thesis/code/uwb_online_initialisation_simulator/src/install/sim_interfaces/include/sim_interfaces/sim_interfaces/srv/detail/trajectory_info__rosidl_typesupport_introspection_c.h
[8.293s] -- Installing: /home/ben/Documents/master_thesis/code/uwb_online_initialisation_simulator/src/install/sim_interfaces/include/sim_interfaces/sim_interfaces/srv/detail/trajectory_info__type_support.c
[8.293s] -- Up-to-date: /home/ben/Documents/master_thesis/code/uwb_online_initialisation_simulator/src/install/sim_interfaces/include/sim_interfaces/sim_interfaces/msg
[8.293s] -- Up-to-date: /home/ben/Documents/master_thesis/code/uwb_online_initialisation_simulator/src/install/sim_interfaces/include/sim_interfaces/sim_interfaces/msg/detail
[8.293s] -- Installing: /home/ben/Documents/master_thesis/code/uwb_online_initialisation_simulator/src/install/sim_interfaces/include/sim_interfaces/sim_interfaces/msg/detail/anchor_info__type_support.c
[8.293s] -- Installing: /home/ben/Documents/master_thesis/code/uwb_online_initialisation_simulator/src/install/sim_interfaces/include/sim_interfaces/sim_interfaces/msg/detail/anchor_estimate__type_support.c
[8.294s] -- Installing: /home/ben/Documents/master_thesis/code/uwb_online_initialisation_simulator/src/install/sim_interfaces/include/sim_interfaces/sim_interfaces/msg/detail/stamped_float__rosidl_typesupport_introspection_c.h
[8.294s] -- Installing: /home/ben/Documents/master_thesis/code/uwb_online_initialisation_simulator/src/install/sim_interfaces/include/sim_interfaces/sim_interfaces/msg/detail/drone_position__rosidl_typesupport_introspection_c.h
[8.294s] -- Installing: /home/ben/Documents/master_thesis/code/uwb_online_initialisation_simulator/src/install/sim_interfaces/include/sim_interfaces/sim_interfaces/msg/detail/anchor_info__rosidl_typesupport_introspection_c.h
[8.294s] -- Installing: /home/ben/Documents/master_thesis/code/uwb_online_initialisation_simulator/src/install/sim_interfaces/include/sim_interfaces/sim_interfaces/msg/detail/anchor_errors__rosidl_typesupport_introspection_c.h
[8.295s] -- Installing: /home/ben/Documents/master_thesis/code/uwb_online_initialisation_simulator/src/install/sim_interfaces/include/sim_interfaces/sim_interfaces/msg/detail/anchor_estimates__rosidl_typesupport_introspection_c.h
[8.295s] -- Installing: /home/ben/Documents/master_thesis/code/uwb_online_initialisation_simulator/src/install/sim_interfaces/include/sim_interfaces/sim_interfaces/msg/detail/optimized_trajectory__rosidl_typesupport_introspection_c.h
[8.295s] -- Installing: /home/ben/Documents/master_thesis/code/uwb_online_initialisation_simulator/src/install/sim_interfaces/include/sim_interfaces/sim_interfaces/msg/detail/stamped_float__type_support.c
[8.295s] -- Installing: /home/ben/Documents/master_thesis/code/uwb_online_initialisation_simulator/src/install/sim_interfaces/include/sim_interfaces/sim_interfaces/msg/detail/waypoint_lists__rosidl_typesupport_introspection_c.h
[8.295s] -- Installing: /home/ben/Documents/master_thesis/code/uwb_online_initialisation_simulator/src/install/sim_interfaces/include/sim_interfaces/sim_interfaces/msg/detail/waypoint_lists__type_support.c
[8.296s] -- Installing: /home/ben/Documents/master_thesis/code/uwb_online_initialisation_simulator/src/install/sim_interfaces/include/sim_interfaces/sim_interfaces/msg/detail/anchor_error__rosidl_typesupport_introspection_c.h
[8.296s] -- Installing: /home/ben/Documents/master_thesis/code/uwb_online_initialisation_simulator/src/install/sim_interfaces/include/sim_interfaces/sim_interfaces/msg/detail/waypoint_list__rosidl_typesupport_introspection_c.h
[8.296s] -- Installing: /home/ben/Documents/master_thesis/code/uwb_online_initialisation_simulator/src/install/sim_interfaces/include/sim_interfaces/sim_interfaces/msg/detail/anchor_estimate__rosidl_typesupport_introspection_c.h
[8.296s] -- Installing: /home/ben/Documents/master_thesis/code/uwb_online_initialisation_simulator/src/install/sim_interfaces/include/sim_interfaces/sim_interfaces/msg/detail/optimized_trajectory__type_support.c
[8.296s] -- Installing: /home/ben/Documents/master_thesis/code/uwb_online_initialisation_simulator/src/install/sim_interfaces/include/sim_interfaces/sim_interfaces/msg/detail/anchor_error__type_support.c
[8.297s] -- Installing: /home/ben/Documents/master_thesis/code/uwb_online_initialisation_simulator/src/install/sim_interfaces/include/sim_interfaces/sim_interfaces/msg/detail/waypoint_list__type_support.c
[8.297s] -- Installing: /home/ben/Documents/master_thesis/code/uwb_online_initialisation_simulator/src/install/sim_interfaces/include/sim_interfaces/sim_interfaces/msg/detail/drone_position__type_support.c
[8.297s] -- Installing: /home/ben/Documents/master_thesis/code/uwb_online_initialisation_simulator/src/install/sim_interfaces/include/sim_interfaces/sim_interfaces/msg/detail/anchor_estimates__type_support.c
[8.297s] -- Installing: /home/ben/Documents/master_thesis/code/uwb_online_initialisation_simulator/src/install/sim_interfaces/include/sim_interfaces/sim_interfaces/msg/detail/anchor_errors__type_support.c
[8.297s] -- Installing: /home/ben/Documents/master_thesis/code/uwb_online_initialisation_simulator/src/install/sim_interfaces/include/sim_interfaces/sim_interfaces/msg/rosidl_typesupport_introspection_c__visibility_control.h
[8.298s] -- Installing: /home/ben/Documents/master_thesis/code/uwb_online_initialisation_simulator/src/install/sim_interfaces/lib/libsim_interfaces__rosidl_typesupport_introspection_c.so
[8.298s] -- Set runtime path of "/home/ben/Documents/master_thesis/code/uwb_online_initialisation_simulator/src/install/sim_interfaces/lib/libsim_interfaces__rosidl_typesupport_introspection_c.so" to ""
[8.298s] -- Installing: /home/ben/Documents/master_thesis/code/uwb_online_initialisation_simulator/src/install/sim_interfaces/lib/libsim_interfaces__rosidl_typesupport_c.so
[8.299s] -- Set runtime path of "/home/ben/Documents/master_thesis/code/uwb_online_initialisation_simulator/src/install/sim_interfaces/lib/libsim_interfaces__rosidl_typesupport_c.so" to ""
[8.299s] -- Up-to-date: /home/ben/Documents/master_thesis/code/uwb_online_initialisation_simulator/src/install/sim_interfaces/include/sim_interfaces/sim_interfaces
[8.299s] -- Up-to-date: /home/ben/Documents/master_thesis/code/uwb_online_initialisation_simulator/src/install/sim_interfaces/include/sim_interfaces/sim_interfaces/srv
[8.299s] -- Up-to-date: /home/ben/Documents/master_thesis/code/uwb_online_initialisation_simulator/src/install/sim_interfaces/include/sim_interfaces/sim_interfaces/srv/detail
[8.299s] -- Installing: /home/ben/Documents/master_thesis/code/uwb_online_initialisation_simulator/src/install/sim_interfaces/include/sim_interfaces/sim_interfaces/srv/detail/anchor_info__type_support.cpp
[8.299s] -- Installing: /home/ben/Documents/master_thesis/code/uwb_online_initialisation_simulator/src/install/sim_interfaces/include/sim_interfaces/sim_interfaces/srv/detail/anchor_info__rosidl_typesupport_introspection_cpp.hpp
[8.300s] -- Installing: /home/ben/Documents/master_thesis/code/uwb_online_initialisation_simulator/src/install/sim_interfaces/include/sim_interfaces/sim_interfaces/srv/detail/trajectory_info__type_support.cpp
[8.300s] -- Installing: /home/ben/Documents/master_thesis/code/uwb_online_initialisation_simulator/src/install/sim_interfaces/include/sim_interfaces/sim_interfaces/srv/detail/trajectory_info__rosidl_typesupport_introspection_cpp.hpp
[8.300s] -- Up-to-date: /home/ben/Documents/master_thesis/code/uwb_online_initialisation_simulator/src/install/sim_interfaces/include/sim_interfaces/sim_interfaces/msg
[8.300s] -- Up-to-date: /home/ben/Documents/master_thesis/code/uwb_online_initialisation_simulator/src/install/sim_interfaces/include/sim_interfaces/sim_interfaces/msg/detail
[8.300s] -- Installing: /home/ben/Documents/master_thesis/code/uwb_online_initialisation_simulator/src/install/sim_interfaces/include/sim_interfaces/sim_interfaces/msg/detail/stamped_float__type_support.cpp
[8.300s] -- Installing: /home/ben/Documents/master_thesis/code/uwb_online_initialisation_simulator/src/install/sim_interfaces/include/sim_interfaces/sim_interfaces/msg/detail/anchor_info__type_support.cpp
[8.300s] -- Installing: /home/ben/Documents/master_thesis/code/uwb_online_initialisation_simulator/src/install/sim_interfaces/include/sim_interfaces/sim_interfaces/msg/detail/anchor_info__rosidl_typesupport_introspection_cpp.hpp
[8.300s] -- Installing: /home/ben/Documents/master_thesis/code/uwb_online_initialisation_simulator/src/install/sim_interfaces/include/sim_interfaces/sim_interfaces/msg/detail/drone_position__rosidl_typesupport_introspection_cpp.hpp
[8.301s] -- Installing: /home/ben/Documents/master_thesis/code/uwb_online_initialisation_simulator/src/install/sim_interfaces/include/sim_interfaces/sim_interfaces/msg/detail/anchor_estimate__rosidl_typesupport_introspection_cpp.hpp
[8.301s] -- Installing: /home/ben/Documents/master_thesis/code/uwb_online_initialisation_simulator/src/install/sim_interfaces/include/sim_interfaces/sim_interfaces/msg/detail/anchor_errors__type_support.cpp
[8.301s] -- Installing: /home/ben/Documents/master_thesis/code/uwb_online_initialisation_simulator/src/install/sim_interfaces/include/sim_interfaces/sim_interfaces/msg/detail/anchor_error__type_support.cpp
[8.301s] -- Installing: /home/ben/Documents/master_thesis/code/uwb_online_initialisation_simulator/src/install/sim_interfaces/include/sim_interfaces/sim_interfaces/msg/detail/anchor_estimates__type_support.cpp
[8.301s] -- Installing: /home/ben/Documents/master_thesis/code/uwb_online_initialisation_simulator/src/install/sim_interfaces/include/sim_interfaces/sim_interfaces/msg/detail/anchor_errors__rosidl_typesupport_introspection_cpp.hpp
[8.301s] -- Installing: /home/ben/Documents/master_thesis/code/uwb_online_initialisation_simulator/src/install/sim_interfaces/include/sim_interfaces/sim_interfaces/msg/detail/waypoint_lists__type_support.cpp
[8.302s] -- Installing: /home/ben/Documents/master_thesis/code/uwb_online_initialisation_simulator/src/install/sim_interfaces/include/sim_interfaces/sim_interfaces/msg/detail/anchor_estimate__type_support.cpp
[8.302s] -- Installing: /home/ben/Documents/master_thesis/code/uwb_online_initialisation_simulator/src/install/sim_interfaces/include/sim_interfaces/sim_interfaces/msg/detail/waypoint_list__type_support.cpp
[8.302s] -- Installing: /home/ben/Documents/master_thesis/code/uwb_online_initialisation_simulator/src/install/sim_interfaces/include/sim_interfaces/sim_interfaces/msg/detail/stamped_float__rosidl_typesupport_introspection_cpp.hpp
[8.302s] -- Installing: /home/ben/Documents/master_thesis/code/uwb_online_initialisation_simulator/src/install/sim_interfaces/include/sim_interfaces/sim_interfaces/msg/detail/waypoint_list__rosidl_typesupport_introspection_cpp.hpp
[8.302s] -- Installing: /home/ben/Documents/master_thesis/code/uwb_online_initialisation_simulator/src/install/sim_interfaces/include/sim_interfaces/sim_interfaces/msg/detail/optimized_trajectory__type_support.cpp
[8.302s] -- Installing: /home/ben/Documents/master_thesis/code/uwb_online_initialisation_simulator/src/install/sim_interfaces/include/sim_interfaces/sim_interfaces/msg/detail/anchor_error__rosidl_typesupport_introspection_cpp.hpp
[8.303s] -- Installing: /home/ben/Documents/master_thesis/code/uwb_online_initialisation_simulator/src/install/sim_interfaces/include/sim_interfaces/sim_interfaces/msg/detail/waypoint_lists__rosidl_typesupport_introspection_cpp.hpp
[8.303s] -- Installing: /home/ben/Documents/master_thesis/code/uwb_online_initialisation_simulator/src/install/sim_interfaces/include/sim_interfaces/sim_interfaces/msg/detail/optimized_trajectory__rosidl_typesupport_introspection_cpp.hpp
[8.303s] -- Installing: /home/ben/Documents/master_thesis/code/uwb_online_initialisation_simulator/src/install/sim_interfaces/include/sim_interfaces/sim_interfaces/msg/detail/drone_position__type_support.cpp
[8.303s] -- Installing: /home/ben/Documents/master_thesis/code/uwb_online_initialisation_simulator/src/install/sim_interfaces/include/sim_interfaces/sim_interfaces/msg/detail/anchor_estimates__rosidl_typesupport_introspection_cpp.hpp
[8.303s] -- Installing: /home/ben/Documents/master_thesis/code/uwb_online_initialisation_simulator/src/install/sim_interfaces/lib/libsim_interfaces__rosidl_typesupport_introspection_cpp.so
[8.304s] -- Set runtime path of "/home/ben/Documents/master_thesis/code/uwb_online_initialisation_simulator/src/install/sim_interfaces/lib/libsim_interfaces__rosidl_typesupport_introspection_cpp.so" to ""
[8.304s] -- Installing: /home/ben/Documents/master_thesis/code/uwb_online_initialisation_simulator/src/install/sim_interfaces/lib/libsim_interfaces__rosidl_typesupport_cpp.so
[8.305s] -- Set runtime path of "/home/ben/Documents/master_thesis/code/uwb_online_initialisation_simulator/src/install/sim_interfaces/lib/libsim_interfaces__rosidl_typesupport_cpp.so" to ""
[8.305s] -- Installing: /home/ben/Documents/master_thesis/code/uwb_online_initialisation_simulator/src/install/sim_interfaces/share/sim_interfaces/environment/pythonpath.sh
[8.305s] -- Installing: /home/ben/Documents/master_thesis/code/uwb_online_initialisation_simulator/src/install/sim_interfaces/share/sim_interfaces/environment/pythonpath.dsv
[8.305s] -- Installing: /home/ben/Documents/master_thesis/code/uwb_online_initialisation_simulator/src/install/sim_interfaces/local/lib/python3.10/dist-packages/sim_interfaces-0.0.0-py3.10.egg-info
[8.306s] -- Installing: /home/ben/Documents/master_thesis/code/uwb_online_initialisation_simulator/src/install/sim_interfaces/local/lib/python3.10/dist-packages/sim_interfaces-0.0.0-py3.10.egg-info/top_level.txt
[8.306s] -- Installing: /home/ben/Documents/master_thesis/code/uwb_online_initialisation_simulator/src/install/sim_interfaces/local/lib/python3.10/dist-packages/sim_interfaces-0.0.0-py3.10.egg-info/PKG-INFO
[8.306s] -- Installing: /home/ben/Documents/master_thesis/code/uwb_online_initialisation_simulator/src/install/sim_interfaces/local/lib/python3.10/dist-packages/sim_interfaces-0.0.0-py3.10.egg-info/dependency_links.txt
[8.306s] -- Installing: /home/ben/Documents/master_thesis/code/uwb_online_initialisation_simulator/src/install/sim_interfaces/local/lib/python3.10/dist-packages/sim_interfaces-0.0.0-py3.10.egg-info/SOURCES.txt
[8.306s] -- Installing: /home/ben/Documents/master_thesis/code/uwb_online_initialisation_simulator/src/install/sim_interfaces/local/lib/python3.10/dist-packages/sim_interfaces
[8.306s] -- Installing: /home/ben/Documents/master_thesis/code/uwb_online_initialisation_simulator/src/install/sim_interfaces/local/lib/python3.10/dist-packages/sim_interfaces/srv
[8.306s] -- Installing: /home/ben/Documents/master_thesis/code/uwb_online_initialisation_simulator/src/install/sim_interfaces/local/lib/python3.10/dist-packages/sim_interfaces/srv/_anchor_info.py
[8.307s] -- Installing: /home/ben/Documents/master_thesis/code/uwb_online_initialisation_simulator/src/install/sim_interfaces/local/lib/python3.10/dist-packages/sim_interfaces/srv/_trajectory_info_s.c
[8.307s] -- Installing: /home/ben/Documents/master_thesis/code/uwb_online_initialisation_simulator/src/install/sim_interfaces/local/lib/python3.10/dist-packages/sim_interfaces/srv/_anchor_info_s.c
[8.307s] -- Installing: /home/ben/Documents/master_thesis/code/uwb_online_initialisation_simulator/src/install/sim_interfaces/local/lib/python3.10/dist-packages/sim_interfaces/srv/__init__.py
[8.307s] -- Installing: /home/ben/Documents/master_thesis/code/uwb_online_initialisation_simulator/src/install/sim_interfaces/local/lib/python3.10/dist-packages/sim_interfaces/srv/_trajectory_info.py
[8.307s] -- Installing: /home/ben/Documents/master_thesis/code/uwb_online_initialisation_simulator/src/install/sim_interfaces/local/lib/python3.10/dist-packages/sim_interfaces/msg
[8.307s] -- Installing: /home/ben/Documents/master_thesis/code/uwb_online_initialisation_simulator/src/install/sim_interfaces/local/lib/python3.10/dist-packages/sim_interfaces/msg/_anchor_info.py
[8.308s] -- Installing: /home/ben/Documents/master_thesis/code/uwb_online_initialisation_simulator/src/install/sim_interfaces/local/lib/python3.10/dist-packages/sim_interfaces/msg/_anchor_error.py
[8.308s] -- Installing: /home/ben/Documents/master_thesis/code/uwb_online_initialisation_simulator/src/install/sim_interfaces/local/lib/python3.10/dist-packages/sim_interfaces/msg/_waypoint_lists.py
[8.308s] -- Installing: /home/ben/Documents/master_thesis/code/uwb_online_initialisation_simulator/src/install/sim_interfaces/local/lib/python3.10/dist-packages/sim_interfaces/msg/_anchor_estimates.py
[8.308s] -- Installing: /home/ben/Documents/master_thesis/code/uwb_online_initialisation_simulator/src/install/sim_interfaces/local/lib/python3.10/dist-packages/sim_interfaces/msg/_drone_position_s.c
[8.308s] -- Installing: /home/ben/Documents/master_thesis/code/uwb_online_initialisation_simulator/src/install/sim_interfaces/local/lib/python3.10/dist-packages/sim_interfaces/msg/_anchor_errors_s.c
[8.308s] -- Installing: /home/ben/Documents/master_thesis/code/uwb_online_initialisation_simulator/src/install/sim_interfaces/local/lib/python3.10/dist-packages/sim_interfaces/msg/_anchor_estimate.py
[8.309s] -- Installing: /home/ben/Documents/master_thesis/code/uwb_online_initialisation_simulator/src/install/sim_interfaces/local/lib/python3.10/dist-packages/sim_interfaces/msg/_anchor_estimates_s.c
[8.309s] -- Installing: /home/ben/Documents/master_thesis/code/uwb_online_initialisation_simulator/src/install/sim_interfaces/local/lib/python3.10/dist-packages/sim_interfaces/msg/_anchor_error_s.c
[8.309s] -- Installing: /home/ben/Documents/master_thesis/code/uwb_online_initialisation_simulator/src/install/sim_interfaces/local/lib/python3.10/dist-packages/sim_interfaces/msg/_anchor_errors.py
[8.309s] -- Installing: /home/ben/Documents/master_thesis/code/uwb_online_initialisation_simulator/src/install/sim_interfaces/local/lib/python3.10/dist-packages/sim_interfaces/msg/_stamped_float_s.c
[8.309s] -- Installing: /home/ben/Documents/master_thesis/code/uwb_online_initialisation_simulator/src/install/sim_interfaces/local/lib/python3.10/dist-packages/sim_interfaces/msg/_anchor_info_s.c
[8.309s] -- Installing: /home/ben/Documents/master_thesis/code/uwb_online_initialisation_simulator/src/install/sim_interfaces/local/lib/python3.10/dist-packages/sim_interfaces/msg/__init__.py
[8.310s] -- Installing: /home/ben/Documents/master_thesis/code/uwb_online_initialisation_simulator/src/install/sim_interfaces/local/lib/python3.10/dist-packages/sim_interfaces/msg/_waypoint_lists_s.c
[8.310s] -- Installing: /home/ben/Documents/master_thesis/code/uwb_online_initialisation_simulator/src/install/sim_interfaces/local/lib/python3.10/dist-packages/sim_interfaces/msg/_stamped_float.py
[8.310s] -- Installing: /home/ben/Documents/master_thesis/code/uwb_online_initialisation_simulator/src/install/sim_interfaces/local/lib/python3.10/dist-packages/sim_interfaces/msg/_waypoint_list_s.c
[8.310s] -- Installing: /home/ben/Documents/master_thesis/code/uwb_online_initialisation_simulator/src/install/sim_interfaces/local/lib/python3.10/dist-packages/sim_interfaces/msg/_optimized_trajectory.py
[8.310s] -- Installing: /home/ben/Documents/master_thesis/code/uwb_online_initialisation_simulator/src/install/sim_interfaces/local/lib/python3.10/dist-packages/sim_interfaces/msg/_waypoint_list.py
[8.310s] -- Installing: /home/ben/Documents/master_thesis/code/uwb_online_initialisation_simulator/src/install/sim_interfaces/local/lib/python3.10/dist-packages/sim_interfaces/msg/_anchor_estimate_s.c
[8.311s] -- Installing: /home/ben/Documents/master_thesis/code/uwb_online_initialisation_simulator/src/install/sim_interfaces/local/lib/python3.10/dist-packages/sim_interfaces/msg/_drone_position.py
[8.311s] -- Installing: /home/ben/Documents/master_thesis/code/uwb_online_initialisation_simulator/src/install/sim_interfaces/local/lib/python3.10/dist-packages/sim_interfaces/msg/_optimized_trajectory_s.c
[8.311s] -- Installing: /home/ben/Documents/master_thesis/code/uwb_online_initialisation_simulator/src/install/sim_interfaces/local/lib/python3.10/dist-packages/sim_interfaces/sim_interfaces_s__rosidl_typesupport_introspection_c.cpython-310-x86_64-linux-gnu.so
[8.311s] -- Installing: /home/ben/Documents/master_thesis/code/uwb_online_initialisation_simulator/src/install/sim_interfaces/local/lib/python3.10/dist-packages/sim_interfaces/sim_interfaces_s__rosidl_typesupport_c.cpython-310-x86_64-linux-gnu.so
[8.311s] -- Installing: /home/ben/Documents/master_thesis/code/uwb_online_initialisation_simulator/src/install/sim_interfaces/local/lib/python3.10/dist-packages/sim_interfaces/__init__.py
[8.311s] -- Installing: /home/ben/Documents/master_thesis/code/uwb_online_initialisation_simulator/src/install/sim_interfaces/local/lib/python3.10/dist-packages/sim_interfaces/_sim_interfaces_s.ep.rosidl_typesupport_c.c
[8.312s] -- Installing: /home/ben/Documents/master_thesis/code/uwb_online_initialisation_simulator/src/install/sim_interfaces/local/lib/python3.10/dist-packages/sim_interfaces/_sim_interfaces_s.ep.rosidl_typesupport_fastrtps_c.c
[8.312s] -- Installing: /home/ben/Documents/master_thesis/code/uwb_online_initialisation_simulator/src/install/sim_interfaces/local/lib/python3.10/dist-packages/sim_interfaces/_sim_interfaces_s.ep.rosidl_typesupport_introspection_c.c
[8.312s] -- Installing: /home/ben/Documents/master_thesis/code/uwb_online_initialisation_simulator/src/install/sim_interfaces/local/lib/python3.10/dist-packages/sim_interfaces/sim_interfaces_s__rosidl_typesupport_fastrtps_c.cpython-310-x86_64-linux-gnu.so
[8.312s] -- Installing: /home/ben/Documents/master_thesis/code/uwb_online_initialisation_simulator/src/install/sim_interfaces/local/lib/python3.10/dist-packages/sim_interfaces/libsim_interfaces__rosidl_generator_py.so
[8.368s] Listing '/home/ben/Documents/master_thesis/code/uwb_online_initialisation_simulator/src/install/sim_interfaces/local/lib/python3.10/dist-packages/sim_interfaces'...
[8.368s] Compiling '/home/ben/Documents/master_thesis/code/uwb_online_initialisation_simulator/src/install/sim_interfaces/local/lib/python3.10/dist-packages/sim_interfaces/__init__.py'...
[8.368s] Listing '/home/ben/Documents/master_thesis/code/uwb_online_initialisation_simulator/src/install/sim_interfaces/local/lib/python3.10/dist-packages/sim_interfaces/msg'...
[8.368s] Compiling '/home/ben/Documents/master_thesis/code/uwb_online_initialisation_simulator/src/install/sim_interfaces/local/lib/python3.10/dist-packages/sim_interfaces/msg/__init__.py'...
[8.368s] Compiling '/home/ben/Documents/master_thesis/code/uwb_online_initialisation_simulator/src/install/sim_interfaces/local/lib/python3.10/dist-packages/sim_interfaces/msg/_anchor_error.py'...
[8.368s] Compiling '/home/ben/Documents/master_thesis/code/uwb_online_initialisation_simulator/src/install/sim_interfaces/local/lib/python3.10/dist-packages/sim_interfaces/msg/_anchor_errors.py'...
[8.368s] Compiling '/home/ben/Documents/master_thesis/code/uwb_online_initialisation_simulator/src/install/sim_interfaces/local/lib/python3.10/dist-packages/sim_interfaces/msg/_anchor_estimate.py'...
[8.368s] Compiling '/home/ben/Documents/master_thesis/code/uwb_online_initialisation_simulator/src/install/sim_interfaces/local/lib/python3.10/dist-packages/sim_interfaces/msg/_anchor_estimates.py'...
[8.368s] Compiling '/home/ben/Documents/master_thesis/code/uwb_online_initialisation_simulator/src/install/sim_interfaces/local/lib/python3.10/dist-packages/sim_interfaces/msg/_anchor_info.py'...
[8.368s] Compiling '/home/ben/Documents/master_thesis/code/uwb_online_initialisation_simulator/src/install/sim_interfaces/local/lib/python3.10/dist-packages/sim_interfaces/msg/_drone_position.py'...
[8.368s] Compiling '/home/ben/Documents/master_thesis/code/uwb_online_initialisation_simulator/src/install/sim_interfaces/local/lib/python3.10/dist-packages/sim_interfaces/msg/_optimized_trajectory.py'...
[8.368s] Compiling '/home/ben/Documents/master_thesis/code/uwb_online_initialisation_simulator/src/install/sim_interfaces/local/lib/python3.10/dist-packages/sim_interfaces/msg/_stamped_float.py'...
[8.369s] Compiling '/home/ben/Documents/master_thesis/code/uwb_online_initialisation_simulator/src/install/sim_interfaces/local/lib/python3.10/dist-packages/sim_interfaces/msg/_waypoint_list.py'...
[8.369s] Compiling '/home/ben/Documents/master_thesis/code/uwb_online_initialisation_simulator/src/install/sim_interfaces/local/lib/python3.10/dist-packages/sim_interfaces/msg/_waypoint_lists.py'...
[8.369s] Listing '/home/ben/Documents/master_thesis/code/uwb_online_initialisation_simulator/src/install/sim_interfaces/local/lib/python3.10/dist-packages/sim_interfaces/srv'...
[8.369s] Compiling '/home/ben/Documents/master_thesis/code/uwb_online_initialisation_simulator/src/install/sim_interfaces/local/lib/python3.10/dist-packages/sim_interfaces/srv/__init__.py'...
[8.369s] Compiling '/home/ben/Documents/master_thesis/code/uwb_online_initialisation_simulator/src/install/sim_interfaces/local/lib/python3.10/dist-packages/sim_interfaces/srv/_anchor_info.py'...
[8.369s] Compiling '/home/ben/Documents/master_thesis/code/uwb_online_initialisation_simulator/src/install/sim_interfaces/local/lib/python3.10/dist-packages/sim_interfaces/srv/_trajectory_info.py'...
[8.374s] -- Installing: /home/ben/Documents/master_thesis/code/uwb_online_initialisation_simulator/src/install/sim_interfaces/local/lib/python3.10/dist-packages/sim_interfaces/sim_interfaces_s__rosidl_typesupport_fastrtps_c.cpython-310-x86_64-linux-gnu.so
[8.375s] -- Set runtime path of "/home/ben/Documents/master_thesis/code/uwb_online_initialisation_simulator/src/install/sim_interfaces/local/lib/python3.10/dist-packages/sim_interfaces/sim_interfaces_s__rosidl_typesupport_fastrtps_c.cpython-310-x86_64-linux-gnu.so" to ""
[8.375s] -- Installing: /home/ben/Documents/master_thesis/code/uwb_online_initialisation_simulator/src/install/sim_interfaces/local/lib/python3.10/dist-packages/sim_interfaces/sim_interfaces_s__rosidl_typesupport_introspection_c.cpython-310-x86_64-linux-gnu.so
[8.376s] -- Set runtime path of "/home/ben/Documents/master_thesis/code/uwb_online_initialisation_simulator/src/install/sim_interfaces/local/lib/python3.10/dist-packages/sim_interfaces/sim_interfaces_s__rosidl_typesupport_introspection_c.cpython-310-x86_64-linux-gnu.so" to ""
[8.376s] -- Installing: /home/ben/Documents/master_thesis/code/uwb_online_initialisation_simulator/src/install/sim_interfaces/local/lib/python3.10/dist-packages/sim_interfaces/sim_interfaces_s__rosidl_typesupport_c.cpython-310-x86_64-linux-gnu.so
[8.376s] -- Set runtime path of "/home/ben/Documents/master_thesis/code/uwb_online_initialisation_simulator/src/install/sim_interfaces/local/lib/python3.10/dist-packages/sim_interfaces/sim_interfaces_s__rosidl_typesupport_c.cpython-310-x86_64-linux-gnu.so" to ""
[8.376s] -- Installing: /home/ben/Documents/master_thesis/code/uwb_online_initialisation_simulator/src/install/sim_interfaces/lib/libsim_interfaces__rosidl_generator_py.so
[8.377s] -- Set runtime path of "/home/ben/Documents/master_thesis/code/uwb_online_initialisation_simulator/src/install/sim_interfaces/lib/libsim_interfaces__rosidl_generator_py.so" to ""
[8.377s] -- Installing: /home/ben/Documents/master_thesis/code/uwb_online_initialisation_simulator/src/install/sim_interfaces/share/sim_interfaces/srv/AnchorInfo.idl
[8.377s] -- Installing: /home/ben/Documents/master_thesis/code/uwb_online_initialisation_simulator/src/install/sim_interfaces/share/sim_interfaces/srv/TrajectoryInfo.idl
[8.377s] -- Installing: /home/ben/Documents/master_thesis/code/uwb_online_initialisation_simulator/src/install/sim_interfaces/share/sim_interfaces/msg/StampedFloat.idl
[8.378s] -- Installing: /home/ben/Documents/master_thesis/code/uwb_online_initialisation_simulator/src/install/sim_interfaces/share/sim_interfaces/msg/DronePosition.idl
[8.378s] -- Installing: /home/ben/Documents/master_thesis/code/uwb_online_initialisation_simulator/src/install/sim_interfaces/share/sim_interfaces/msg/AnchorEstimate.idl
[8.378s] -- Installing: /home/ben/Documents/master_thesis/code/uwb_online_initialisation_simulator/src/install/sim_interfaces/share/sim_interfaces/msg/AnchorEstimates.idl
[8.378s] -- Installing: /home/ben/Documents/master_thesis/code/uwb_online_initialisation_simulator/src/install/sim_interfaces/share/sim_interfaces/msg/AnchorError.idl
[8.378s] -- Installing: /home/ben/Documents/master_thesis/code/uwb_online_initialisation_simulator/src/install/sim_interfaces/share/sim_interfaces/msg/AnchorErrors.idl
[8.379s] -- Installing: /home/ben/Documents/master_thesis/code/uwb_online_initialisation_simulator/src/install/sim_interfaces/share/sim_interfaces/msg/WaypointList.idl
[8.379s] -- Installing: /home/ben/Documents/master_thesis/code/uwb_online_initialisation_simulator/src/install/sim_interfaces/share/sim_interfaces/msg/WaypointLists.idl
[8.379s] -- Installing: /home/ben/Documents/master_thesis/code/uwb_online_initialisation_simulator/src/install/sim_interfaces/share/sim_interfaces/msg/OptimizedTrajectory.idl
[8.379s] -- Installing: /home/ben/Documents/master_thesis/code/uwb_online_initialisation_simulator/src/install/sim_interfaces/share/sim_interfaces/msg/AnchorInfo.idl
[8.379s] -- Installing: /home/ben/Documents/master_thesis/code/uwb_online_initialisation_simulator/src/install/sim_interfaces/share/sim_interfaces/srv/AnchorInfo.srv
[8.380s] -- Installing: /home/ben/Documents/master_thesis/code/uwb_online_initialisation_simulator/src/install/sim_interfaces/share/sim_interfaces/srv/AnchorInfo_Request.msg
[8.380s] -- Installing: /home/ben/Documents/master_thesis/code/uwb_online_initialisation_simulator/src/install/sim_interfaces/share/sim_interfaces/srv/AnchorInfo_Response.msg
[8.380s] -- Installing: /home/ben/Documents/master_thesis/code/uwb_online_initialisation_simulator/src/install/sim_interfaces/share/sim_interfaces/srv/TrajectoryInfo.srv
[8.380s] -- Installing: /home/ben/Documents/master_thesis/code/uwb_online_initialisation_simulator/src/install/sim_interfaces/share/sim_interfaces/srv/TrajectoryInfo_Request.msg
[8.380s] -- Installing: /home/ben/Documents/master_thesis/code/uwb_online_initialisation_simulator/src/install/sim_interfaces/share/sim_interfaces/srv/TrajectoryInfo_Response.msg
[8.381s] -- Installing: /home/ben/Documents/master_thesis/code/uwb_online_initialisation_simulator/src/install/sim_interfaces/share/sim_interfaces/msg/StampedFloat.msg
[8.381s] -- Installing: /home/ben/Documents/master_thesis/code/uwb_online_initialisation_simulator/src/install/sim_interfaces/share/sim_interfaces/msg/DronePosition.msg
[8.381s] -- Installing: /home/ben/Documents/master_thesis/code/uwb_online_initialisation_simulator/src/install/sim_interfaces/share/sim_interfaces/msg/AnchorEstimate.msg
[8.381s] -- Installing: /home/ben/Documents/master_thesis/code/uwb_online_initialisation_simulator/src/install/sim_interfaces/share/sim_interfaces/msg/AnchorEstimates.msg
[8.381s] -- Installing: /home/ben/Documents/master_thesis/code/uwb_online_initialisation_simulator/src/install/sim_interfaces/share/sim_interfaces/msg/AnchorError.msg
[8.382s] -- Installing: /home/ben/Documents/master_thesis/code/uwb_online_initialisation_simulator/src/install/sim_interfaces/share/sim_interfaces/msg/AnchorErrors.msg
[8.382s] -- Installing: /home/ben/Documents/master_thesis/code/uwb_online_initialisation_simulator/src/install/sim_interfaces/share/sim_interfaces/msg/WaypointList.msg
[8.382s] -- Installing: /home/ben/Documents/master_thesis/code/uwb_online_initialisation_simulator/src/install/sim_interfaces/share/sim_interfaces/msg/WaypointLists.msg
[8.382s] -- Installing: /home/ben/Documents/master_thesis/code/uwb_online_initialisation_simulator/src/install/sim_interfaces/share/sim_interfaces/msg/OptimizedTrajectory.msg
[8.382s] -- Installing: /home/ben/Documents/master_thesis/code/uwb_online_initialisation_simulator/src/install/sim_interfaces/share/sim_interfaces/msg/AnchorInfo.msg
[8.383s] -- Installing: /home/ben/Documents/master_thesis/code/uwb_online_initialisation_simulator/src/install/sim_interfaces/share/ament_index/resource_index/package_run_dependencies/sim_interfaces
[8.383s] -- Installing: /home/ben/Documents/master_thesis/code/uwb_online_initialisation_simulator/src/install/sim_interfaces/share/ament_index/resource_index/parent_prefix_path/sim_interfaces
[8.383s] -- Installing: /home/ben/Documents/master_thesis/code/uwb_online_initialisation_simulator/src/install/sim_interfaces/share/sim_interfaces/environment/ament_prefix_path.sh
[8.383s] -- Installing: /home/ben/Documents/master_thesis/code/uwb_online_initialisation_simulator/src/install/sim_interfaces/share/sim_interfaces/environment/ament_prefix_path.dsv
[8.384s] -- Installing: /home/ben/Documents/master_thesis/code/uwb_online_initialisation_simulator/src/install/sim_interfaces/share/sim_interfaces/environment/path.sh
[8.384s] -- Installing: /home/ben/Documents/master_thesis/code/uwb_online_initialisation_simulator/src/install/sim_interfaces/share/sim_interfaces/environment/path.dsv
[8.384s] -- Installing: /home/ben/Documents/master_thesis/code/uwb_online_initialisation_simulator/src/install/sim_interfaces/share/sim_interfaces/local_setup.bash
[8.384s] -- Installing: /home/ben/Documents/master_thesis/code/uwb_online_initialisation_simulator/src/install/sim_interfaces/share/sim_interfaces/local_setup.sh
[8.384s] -- Installing: /home/ben/Documents/master_thesis/code/uwb_online_initialisation_simulator/src/install/sim_interfaces/share/sim_interfaces/local_setup.zsh
[8.385s] -- Installing: /home/ben/Documents/master_thesis/code/uwb_online_initialisation_simulator/src/install/sim_interfaces/share/sim_interfaces/local_setup.dsv
[8.385s] -- Installing: /home/ben/Documents/master_thesis/code/uwb_online_initialisation_simulator/src/install/sim_interfaces/share/sim_interfaces/package.dsv
[8.385s] -- Installing: /home/ben/Documents/master_thesis/code/uwb_online_initialisation_simulator/src/install/sim_interfaces/share/ament_index/resource_index/packages/sim_interfaces
[8.385s] -- Installing: /home/ben/Documents/master_thesis/code/uwb_online_initialisation_simulator/src/install/sim_interfaces/share/sim_interfaces/cmake/export_sim_interfaces__rosidl_generator_cExport.cmake
[8.386s] -- Installing: /home/ben/Documents/master_thesis/code/uwb_online_initialisation_simulator/src/install/sim_interfaces/share/sim_interfaces/cmake/export_sim_interfaces__rosidl_generator_cExport-noconfig.cmake
[8.386s] -- Installing: /home/ben/Documents/master_thesis/code/uwb_online_initialisation_simulator/src/install/sim_interfaces/share/sim_interfaces/cmake/export_sim_interfaces__rosidl_typesupport_fastrtps_cExport.cmake
[8.386s] -- Installing: /home/ben/Documents/master_thesis/code/uwb_online_initialisation_simulator/src/install/sim_interfaces/share/sim_interfaces/cmake/export_sim_interfaces__rosidl_typesupport_fastrtps_cExport-noconfig.cmake
[8.386s] -- Installing: /home/ben/Documents/master_thesis/code/uwb_online_initialisation_simulator/src/install/sim_interfaces/share/sim_interfaces/cmake/export_sim_interfaces__rosidl_generator_cppExport.cmake
[8.387s] -- Installing: /home/ben/Documents/master_thesis/code/uwb_online_initialisation_simulator/src/install/sim_interfaces/share/sim_interfaces/cmake/export_sim_interfaces__rosidl_typesupport_fastrtps_cppExport.cmake
[8.387s] -- Installing: /home/ben/Documents/master_thesis/code/uwb_online_initialisation_simulator/src/install/sim_interfaces/share/sim_interfaces/cmake/export_sim_interfaces__rosidl_typesupport_fastrtps_cppExport-noconfig.cmake
[8.387s] -- Installing: /home/ben/Documents/master_thesis/code/uwb_online_initialisation_simulator/src/install/sim_interfaces/share/sim_interfaces/cmake/sim_interfaces__rosidl_typesupport_introspection_cExport.cmake
[8.387s] -- Installing: /home/ben/Documents/master_thesis/code/uwb_online_initialisation_simulator/src/install/sim_interfaces/share/sim_interfaces/cmake/sim_interfaces__rosidl_typesupport_introspection_cExport-noconfig.cmake
[8.388s] -- Installing: /home/ben/Documents/master_thesis/code/uwb_online_initialisation_simulator/src/install/sim_interfaces/share/sim_interfaces/cmake/sim_interfaces__rosidl_typesupport_cExport.cmake
[8.388s] -- Installing: /home/ben/Documents/master_thesis/code/uwb_online_initialisation_simulator/src/install/sim_interfaces/share/sim_interfaces/cmake/sim_interfaces__rosidl_typesupport_cExport-noconfig.cmake
[8.388s] -- Installing: /home/ben/Documents/master_thesis/code/uwb_online_initialisation_simulator/src/install/sim_interfaces/share/sim_interfaces/cmake/sim_interfaces__rosidl_typesupport_introspection_cppExport.cmake
[8.388s] -- Installing: /home/ben/Documents/master_thesis/code/uwb_online_initialisation_simulator/src/install/sim_interfaces/share/sim_interfaces/cmake/sim_interfaces__rosidl_typesupport_introspection_cppExport-noconfig.cmake
[8.388s] -- Installing: /home/ben/Documents/master_thesis/code/uwb_online_initialisation_simulator/src/install/sim_interfaces/share/sim_interfaces/cmake/sim_interfaces__rosidl_typesupport_cppExport.cmake
[8.389s] -- Installing: /home/ben/Documents/master_thesis/code/uwb_online_initialisation_simulator/src/install/sim_interfaces/share/sim_interfaces/cmake/sim_interfaces__rosidl_typesupport_cppExport-noconfig.cmake
[8.389s] -- Installing: /home/ben/Documents/master_thesis/code/uwb_online_initialisation_simulator/src/install/sim_interfaces/share/sim_interfaces/cmake/export_sim_interfaces__rosidl_generator_pyExport.cmake
[8.389s] -- Installing: /home/ben/Documents/master_thesis/code/uwb_online_initialisation_simulator/src/install/sim_interfaces/share/sim_interfaces/cmake/export_sim_interfaces__rosidl_generator_pyExport-noconfig.cmake
[8.390s] -- Installing: /home/ben/Documents/master_thesis/code/uwb_online_initialisation_simulator/src/install/sim_interfaces/share/sim_interfaces/cmake/rosidl_cmake-extras.cmake
[8.390s] -- Installing: /home/ben/Documents/master_thesis/code/uwb_online_initialisation_simulator/src/install/sim_interfaces/share/sim_interfaces/cmake/ament_cmake_export_dependencies-extras.cmake
[8.390s] -- Installing: /home/ben/Documents/master_thesis/code/uwb_online_initialisation_simulator/src/install/sim_interfaces/share/sim_interfaces/cmake/ament_cmake_export_include_directories-extras.cmake
[8.390s] -- Installing: /home/ben/Documents/master_thesis/code/uwb_online_initialisation_simulator/src/install/sim_interfaces/share/sim_interfaces/cmake/ament_cmake_export_libraries-extras.cmake
[8.391s] -- Installing: /home/ben/Documents/master_thesis/code/uwb_online_initialisation_simulator/src/install/sim_interfaces/share/sim_interfaces/cmake/ament_cmake_export_targets-extras.cmake
[8.391s] -- Installing: /home/ben/Documents/master_thesis/code/uwb_online_initialisation_simulator/src/install/sim_interfaces/share/sim_interfaces/cmake/rosidl_cmake_export_typesupport_targets-extras.cmake
[8.391s] -- Installing: /home/ben/Documents/master_thesis/code/uwb_online_initialisation_simulator/src/install/sim_interfaces/share/sim_interfaces/cmake/rosidl_cmake_export_typesupport_libraries-extras.cmake
[8.391s] -- Installing: /home/ben/Documents/master_thesis/code/uwb_online_initialisation_simulator/src/install/sim_interfaces/share/sim_interfaces/cmake/sim_interfacesConfig.cmake
[8.392s] -- Installing: /home/ben/Documents/master_thesis/code/uwb_online_initialisation_simulator/src/install/sim_interfaces/share/sim_interfaces/cmake/sim_interfacesConfig-version.cmake
[8.392s] -- Installing: /home/ben/Documents/master_thesis/code/uwb_online_initialisation_simulator/src/install/sim_interfaces/share/sim_interfaces/package.xml
[8.395s] Invoked command in '/home/ben/Documents/master_thesis/code/uwb_online_initialisation_simulator/src/build/sim_interfaces' returned '0': CMAKE_PREFIX_PATH=${CMAKE_PREFIX_PATH}:/home/ben/Documents/master_thesis/code/uwb_online_initialisation_simulator/install/online_uwb_initialisation:/home/ben/Documents/master_thesis/code/uwb_online_initialisation_simulator/install/drone_uwb_simulator:/home/ben/Documents/master_thesis/code/uwb_online_initialisation_simulator/install/rl_optimisation:/home/ben/Documents/master_thesis/code/uwb_online_initialisation_simulator/install/matplotlib_visualisation:/opt/ros/humble /usr/bin/cmake --install /home/ben/Documents/master_thesis/code/uwb_online_initialisation_simulator/src/build/sim_interfaces
